{
  "ori_ocr_text": "parallel online augmentation (CPU)",
  "ocr": "parallel online angmentation (CPU)",
  "result_list": [
    [
      "parallel online augmentation",
      " indicated by the flow and positioning between the GPU and CPU graphics"
    ],
    [
      "CPU",
      " as the highlighted component relates to the computing resource used for augmentation"
    ],
    [
      "network data flow",
      " inferred from the arrows connecting the boxes which suggest a flow of information or data processing"
    ]
  ],
  "edit_dis": {
    "ocr": 1,
    "top_1_guess": 6,
    "top_3_guess": 6,
    "top_1_reason": 56,
    "top_3_reason": 56
  },
  "rouge_score@rouge1": {
    "ocr": 0.75,
    "top_1_guess": 0.8571428571428571,
    "top_3_guess": 0.8571428571428571,
    "top_1_reason": 0.125,
    "top_3_reason": 0.125
  },
  "rouge_score@rouge2": {
    "ocr": 0.3333333333333333,
    "top_1_guess": 0.8,
    "top_3_guess": 0.8,
    "top_1_reason": 0.0,
    "top_3_reason": 0.0
  },
  "rouge_score@rougeL": {
    "ocr": 0.75,
    "top_1_guess": 0.8571428571428571,
    "top_3_guess": 0.8571428571428571,
    "top_1_reason": 0.125,
    "top_3_reason": 0.125
  },
  "rouge_score@rougeLsum": {
    "ocr": 0.75,
    "top_1_guess": 0.8571428571428571,
    "top_3_guess": 0.8571428571428571,
    "top_1_reason": 0.125,
    "top_3_reason": 0.125
  },
  "Bert_sim@precision": {
    "ocr": 0.8992007374763489,
    "top_1_guess": 0.8746336698532104,
    "top_3_guess": 0.8746336698532104,
    "top_1_reason": 0.4050159454345703,
    "top_3_reason": 0.4249607026576996
  },
  "Bert_sim@recall": {
    "ocr": 0.8992007374763489,
    "top_1_guess": 0.6985976696014404,
    "top_3_guess": 0.6985976696014404,
    "top_1_reason": 0.4260231554508209,
    "top_3_reason": 0.5274967551231384
  },
  "Bert_sim@f1": {
    "ocr": 0.8992007374763489,
    "top_1_guess": 0.7767669558525085,
    "top_3_guess": 0.7767669558525085,
    "top_1_reason": 0.41525405645370483,
    "top_3_reason": 0.47070953249931335
  }
}