{
  "ori_ocr_text": "sample pools",
  "ocr": "sample pools.",
  "result_list": [
    [
      "sample pools",
      " element in system architecture"
    ],
    [
      "data pools",
      " similar terminology for network training"
    ],
    [
      "batch samples",
      " related to training process"
    ]
  ],
  "edit_dis": {
    "ocr": 1,
    "top_1_guess": 0,
    "top_3_guess": 0,
    "top_1_reason": 28,
    "top_3_reason": 23
  },
  "rouge_score@rouge1": {
    "ocr": 1.0,
    "top_1_guess": 1.0,
    "top_3_guess": 1.0,
    "top_1_reason": 0.0,
    "top_3_reason": 0.0
  },
  "rouge_score@rouge2": {
    "ocr": 1.0,
    "top_1_guess": 1.0,
    "top_3_guess": 1.0,
    "top_1_reason": 0.0,
    "top_3_reason": 0.0
  },
  "rouge_score@rougeL": {
    "ocr": 1.0,
    "top_1_guess": 1.0,
    "top_3_guess": 1.0,
    "top_1_reason": 0.0,
    "top_3_reason": 0.0
  },
  "rouge_score@rougeLsum": {
    "ocr": 1.0,
    "top_1_guess": 1.0,
    "top_3_guess": 1.0,
    "top_1_reason": 0.0,
    "top_3_reason": 0.0
  },
  "Bert_sim@precision": {
    "ocr": 0.7374475002288818,
    "top_1_guess": 0.9999998807907104,
    "top_3_guess": 0.9999998807907104,
    "top_1_reason": 0.4142667353153229,
    "top_3_reason": 0.4299742579460144
  },
  "Bert_sim@recall": {
    "ocr": 0.8256492614746094,
    "top_1_guess": 0.9999998807907104,
    "top_3_guess": 0.9999998807907104,
    "top_1_reason": 0.4588598608970642,
    "top_3_reason": 0.487868994474411
  },
  "Bert_sim@f1": {
    "ocr": 0.779059886932373,
    "top_1_guess": 0.9999998807907104,
    "top_3_guess": 0.9999998807907104,
    "top_1_reason": 0.4354245364665985,
    "top_3_reason": 0.457095742225647
  }
}