{
  "ori_ocr_text": "sample pools",
  "ocr": "sample pools.",
  "result_list": [
    [
      "sample pools",
      " element in system architecture"
    ],
    [
      "data pools",
      " similar terminology for network training"
    ],
    [
      "batch samples",
      " related to training process"
    ]
  ],
  "edit_dis": {
    "ocr": 1,
    "top_1_guess": 0,
    "top_3_guess": 0,
    "top_1_reason": 28,
    "top_3_reason": 23
  },
  "bleu_score": {
    "ocr": 1.5319719891192393e-231,
    "top_1_guess": 1.491668146240062e-154,
    "top_3_guess": 1.491668146240062e-154,
    "top_1_reason": 0,
    "top_3_reason": 0
  },
  "Bert_sim": {
    "ocr": 0.779059886932373,
    "top_1_guess": 0.9999998807907104,
    "top_3_guess": 0.9999998807907104,
    "top_1_reason": 0.4354245364665985,
    "top_3_reason": 0.457095742225647
  }
}