{
  "ori_ocr_text": "parallel negative sampling (GPU)",
  "ocr": "parallel negative sampling",
  "result_list": [
    [
      "Parallel negative sampling",
      " context indicates GPU-based processing phase"
    ],
    [
      "Negative sample generation",
      " related to the function of this stage in the system"
    ],
    [
      "Asynchronous GPU task",
      " inferring from the asynchronous nature of system components"
    ]
  ],
  "edit_dis": {
    "ocr": 6,
    "top_1_guess": 7,
    "top_3_guess": 7,
    "top_1_reason": 35,
    "top_3_reason": 35
  },
  "rouge_score@rouge1": {
    "ocr": 0.8571428571428571,
    "top_1_guess": 0.8571428571428571,
    "top_3_guess": 0.8571428571428571,
    "top_1_reason": 0.2,
    "top_3_reason": 0.2
  },
  "rouge_score@rouge2": {
    "ocr": 0.8,
    "top_1_guess": 0.8,
    "top_3_guess": 0.8,
    "top_1_reason": 0.0,
    "top_3_reason": 0.0
  },
  "rouge_score@rougeL": {
    "ocr": 0.8571428571428571,
    "top_1_guess": 0.8571428571428571,
    "top_3_guess": 0.8571428571428571,
    "top_1_reason": 0.2,
    "top_3_reason": 0.2
  },
  "rouge_score@rougeLsum": {
    "ocr": 0.8571428571428571,
    "top_1_guess": 0.8571428571428571,
    "top_3_guess": 0.8571428571428571,
    "top_1_reason": 0.2,
    "top_3_reason": 0.2
  },
  "Bert_sim@precision": {
    "ocr": 0.8648281693458557,
    "top_1_guess": 0.8648281693458557,
    "top_3_guess": 0.8648281693458557,
    "top_1_reason": 0.5135713815689087,
    "top_3_reason": 0.5135713815689087
  },
  "Bert_sim@recall": {
    "ocr": 0.5882160663604736,
    "top_1_guess": 0.5882160663604736,
    "top_3_guess": 0.5882160663604736,
    "top_1_reason": 0.5289256572723389,
    "top_3_reason": 0.5289256572723389
  },
  "Bert_sim@f1": {
    "ocr": 0.7001931667327881,
    "top_1_guess": 0.7001931667327881,
    "top_3_guess": 0.7001931667327881,
    "top_1_reason": 0.5211354494094849,
    "top_3_reason": 0.5211354494094849
  }
}