{
  "ori_ocr_text": "Natural Language Understanding (NLU)",
  "ocr": "Natural Uanguage Undorziranding (NLU)",
  "result_list": [
    [
      "Natural Language Understanding",
      " usual component name in dialog systems"
    ],
    [
      "Natural Understanding",
      " possible misinterpretation of \"Natural Language Understanding\""
    ],
    [
      "Natural Lang Understanding",
      " abbreviation of \"Natural Language Understanding\""
    ]
  ],
  "edit_dis": {
    "ocr": 5,
    "top_1_guess": 6,
    "top_3_guess": 6,
    "top_1_reason": 31,
    "top_3_reason": 24
  },
  "Bert_sim": {
    "ocr": 0.5516570806503296,
    "top_1_guess": 0.6301131248474121,
    "top_3_guess": 0.6301131248474121,
    "top_1_reason": 0.32558873295783997,
    "top_3_reason": 0.5966500043869019
  },
  "rouge_score@rouge1": {
    "ocr": 0.5,
    "top_1_guess": 0.8571428571428571,
    "top_3_guess": 0.8571428571428571,
    "top_1_reason": 0.0,
    "top_3_reason": 0.6666666666666665
  },
  "rouge_score@rouge2": {
    "ocr": 0.0,
    "top_1_guess": 0.8,
    "top_3_guess": 0.8,
    "top_1_reason": 0.0,
    "top_3_reason": 0.5714285714285715
  },
  "rouge_score@rougeL": {
    "ocr": 0.5,
    "top_1_guess": 0.8571428571428571,
    "top_3_guess": 0.8571428571428571,
    "top_1_reason": 0.0,
    "top_3_reason": 0.6666666666666665
  },
  "rouge_score@rougeLsum": {
    "ocr": 0.5,
    "top_1_guess": 0.8571428571428571,
    "top_3_guess": 0.8571428571428571,
    "top_1_reason": 0.0,
    "top_3_reason": 0.6666666666666665
  }
}