{
  "ori_ocr_text": "Dialog Management (DM)",
  "ocr": "Dialog Managumant (044)",
  "result_list": [
    [
      "Dialog Management",
      " it is the correct term commonly used in dialog systems corresponding to the context described"
    ],
    [
      "Dialog Control",
      " an alternative term that could be used to describe the management of dialog flow in such systems"
    ],
    [
      "Conversation Management",
      " another possible term that can describe overseeing the dialog in such systems"
    ]
  ],
  "edit_dis": {
    "ocr": 5,
    "top_1_guess": 5,
    "top_3_guess": 5,
    "top_1_reason": 82,
    "top_3_reason": 68
  },
  "rouge_score@rouge1": {
    "ocr": 0.3333333333333333,
    "top_1_guess": 0.8,
    "top_3_guess": 0.8,
    "top_1_reason": 0.1111111111111111,
    "top_3_reason": 0.2
  },
  "rouge_score@rouge2": {
    "ocr": 0.0,
    "top_1_guess": 0.6666666666666666,
    "top_3_guess": 0.6666666666666666,
    "top_1_reason": 0.0,
    "top_3_reason": 0.0
  },
  "rouge_score@rougeL": {
    "ocr": 0.3333333333333333,
    "top_1_guess": 0.8,
    "top_3_guess": 0.8,
    "top_1_reason": 0.1111111111111111,
    "top_3_reason": 0.13333333333333333
  },
  "rouge_score@rougeLsum": {
    "ocr": 0.3333333333333333,
    "top_1_guess": 0.8,
    "top_3_guess": 0.8,
    "top_1_reason": 0.1111111111111111,
    "top_3_reason": 0.13333333333333333
  },
  "Bert_sim@precision": {
    "ocr": 0.532291829586029,
    "top_1_guess": 0.8443170785903931,
    "top_3_guess": 0.8443170785903931,
    "top_1_reason": 0.40617117285728455,
    "top_3_reason": 0.40617117285728455
  },
  "Bert_sim@recall": {
    "ocr": 0.5515989661216736,
    "top_1_guess": 0.5925263166427612,
    "top_3_guess": 0.5925263166427612,
    "top_1_reason": 0.4911942481994629,
    "top_3_reason": 0.5283234715461731
  },
  "Bert_sim@f1": {
    "ocr": 0.5417734384536743,
    "top_1_guess": 0.6963599324226379,
    "top_3_guess": 0.6963599324226379,
    "top_1_reason": 0.4446548521518707,
    "top_3_reason": 0.4526379406452179
  }
}