{
  "ori_ocr_text": "Knowledge Base (KB)",
  "ocr": "Knewladge Base [X](C)",
  "result_list": [
    [
      "Knowledge Base",
      " match with diagram flow and text context"
    ],
    [
      "Dialogue Management",
      " adjacent label correction based on diagram context"
    ],
    [
      "Data Repository",
      " synonymous term for a knowledge base in computing contexts"
    ]
  ],
  "edit_dis": {
    "ocr": 7,
    "top_1_guess": 5,
    "top_3_guess": 5,
    "top_1_reason": 34,
    "top_3_reason": 34
  },
  "Bert_sim": {
    "ocr": 0.5620384216308594,
    "top_1_guess": 0.6831880807876587,
    "top_3_guess": 0.6831880807876587,
    "top_1_reason": 0.443766713142395,
    "top_3_reason": 0.48822951316833496
  },
  "rouge_score@rouge1": {
    "ocr": 0.28571428571428575,
    "top_1_guess": 0.8,
    "top_3_guess": 0.8,
    "top_1_reason": 0.0,
    "top_3_reason": 0.3333333333333333
  },
  "rouge_score@rouge2": {
    "ocr": 0.0,
    "top_1_guess": 0.6666666666666666,
    "top_3_guess": 0.6666666666666666,
    "top_1_reason": 0.0,
    "top_3_reason": 0.2
  },
  "rouge_score@rougeL": {
    "ocr": 0.28571428571428575,
    "top_1_guess": 0.8,
    "top_3_guess": 0.8,
    "top_1_reason": 0.0,
    "top_3_reason": 0.3333333333333333
  },
  "rouge_score@rougeLsum": {
    "ocr": 0.28571428571428575,
    "top_1_guess": 0.8,
    "top_3_guess": 0.8,
    "top_1_reason": 0.0,
    "top_3_reason": 0.3333333333333333
  }
}