{
  "ori_ocr_text": "Natural Language Generation (NLG)",
  "ocr": "NUS",
  "result_list": [
    [
      "NLG",
      " abbreviation stands for Natural Language Generation"
    ],
    [
      "Natural Language Generation",
      " full form of the abbreviation NLG"
    ],
    [
      "Generation",
      " part of the term Natural Language Generation"
    ]
  ],
  "edit_dis": {
    "ocr": 32,
    "top_1_guess": 30,
    "top_3_guess": 6,
    "top_1_reason": 31,
    "top_3_reason": 23
  },
  "rouge_score@rouge1": {
    "ocr": 0.0,
    "top_1_guess": 0.4,
    "top_3_guess": 0.8571428571428571,
    "top_1_reason": 0.6,
    "top_3_reason": 0.6
  },
  "rouge_score@rouge2": {
    "ocr": 0.0,
    "top_1_guess": 0.0,
    "top_3_guess": 0.8,
    "top_1_reason": 0.5,
    "top_3_reason": 0.5
  },
  "rouge_score@rougeL": {
    "ocr": 0.0,
    "top_1_guess": 0.4,
    "top_3_guess": 0.8571428571428571,
    "top_1_reason": 0.6,
    "top_3_reason": 0.6
  },
  "rouge_score@rougeLsum": {
    "ocr": 0.0,
    "top_1_guess": 0.4,
    "top_3_guess": 0.8571428571428571,
    "top_1_reason": 0.6,
    "top_3_reason": 0.6
  },
  "Bert_sim@precision": {
    "ocr": 0.4202907383441925,
    "top_1_guess": 0.6575890779495239,
    "top_3_guess": 0.7765344381332397,
    "top_1_reason": 0.5272811651229858,
    "top_3_reason": 0.5272811651229858
  },
  "Bert_sim@recall": {
    "ocr": 0.3225742280483246,
    "top_1_guess": 0.43562814593315125,
    "top_3_guess": 0.5496068000793457,
    "top_1_reason": 0.5206436514854431,
    "top_3_reason": 0.5213308334350586
  },
  "Bert_sim@f1": {
    "ocr": 0.3650056719779968,
    "top_1_guess": 0.5240756869316101,
    "top_3_guess": 0.6436548233032227,
    "top_1_reason": 0.5239413976669312,
    "top_3_reason": 0.5239413976669312
  }
}