{
  "ori_ocr_text": "Cumulative Probabilities 1.0 0.8 0.6 0.4 0.2",
  "ocr": "Cumulrtive Prcabmlity",
  "result_list": [
    [
      "Cumulative Probability",
      " The y-axis represents the probability cumulatively as indicated by the shape of the graph which is typical for a cumulative distribution function"
    ],
    [
      "Confidence Level",
      " In statistical graphs, cumulative probability can sometimes relate to confidence level which is a similar concept"
    ],
    [
      "Percentile",
      " Cumulative distributions often represent percentiles which indicate the proportion of data below a certain value"
    ]
  ],
  "edit_dis": {
    "ocr": 27,
    "top_1_guess": 23,
    "top_3_guess": 23,
    "top_1_reason": 125,
    "top_3_reason": 87
  },
  "rouge_score@rouge1": {
    "ocr": 0.0,
    "top_1_guess": 0.14285714285714285,
    "top_3_guess": 0.14285714285714285,
    "top_1_reason": 0.057142857142857134,
    "top_3_reason": 0.07407407407407407
  },
  "rouge_score@rouge2": {
    "ocr": 0.0,
    "top_1_guess": 0.0,
    "top_3_guess": 0.0,
    "top_1_reason": 0.0,
    "top_3_reason": 0.0
  },
  "rouge_score@rougeL": {
    "ocr": 0.0,
    "top_1_guess": 0.14285714285714285,
    "top_3_guess": 0.14285714285714285,
    "top_1_reason": 0.057142857142857134,
    "top_3_reason": 0.07407407407407407
  },
  "rouge_score@rougeLsum": {
    "ocr": 0.0,
    "top_1_guess": 0.14285714285714285,
    "top_3_guess": 0.14285714285714285,
    "top_1_reason": 0.057142857142857134,
    "top_3_reason": 0.07407407407407407
  },
  "Bert_sim@precision": {
    "ocr": 0.3828626871109009,
    "top_1_guess": 0.6903340816497803,
    "top_3_guess": 0.6903340816497803,
    "top_1_reason": 0.3650974929332733,
    "top_3_reason": 0.40642452239990234
  },
  "Bert_sim@recall": {
    "ocr": 0.29819759726524353,
    "top_1_guess": 0.31087982654571533,
    "top_3_guess": 0.31087982654571533,
    "top_1_reason": 0.3220354914665222,
    "top_3_reason": 0.329603374004364
  },
  "Bert_sim@f1": {
    "ocr": 0.3352676033973694,
    "top_1_guess": 0.4287014603614807,
    "top_3_guess": 0.4287014603614807,
    "top_1_reason": 0.34221717715263367,
    "top_3_reason": 0.3640049397945404
  }
}