{
  "ori_ocr_text": "CompOFA-Proxyless ofa-Proxyless",
  "ocr": "CompOFA-Prnxylass OFA-Proxyless.",
  "result_list": [
    [
      "CompOFA-Proxyless",
      " the label appears to mention the CompOFA approach using a Proxyless architecture"
    ],
    [
      "OFA-Proxyless",
      " this could be the contrasting model configuration using OFA with a Proxyless architecture"
    ],
    [
      "CDF Comparison",
      " the content might be discussing the comparative CDF results between the two architectures"
    ]
  ],
  "edit_dis": {
    "ocr": 6,
    "top_1_guess": 14,
    "top_3_guess": 14,
    "top_1_reason": 61,
    "top_3_reason": 61
  },
  "rouge_score@rouge1": {
    "ocr": 0.75,
    "top_1_guess": 0.6666666666666666,
    "top_3_guess": 0.6666666666666666,
    "top_1_reason": 0.25,
    "top_3_reason": 0.25
  },
  "rouge_score@rouge2": {
    "ocr": 0.3333333333333333,
    "top_1_guess": 0.5,
    "top_3_guess": 0.5,
    "top_1_reason": 0.0,
    "top_3_reason": 0.0
  },
  "rouge_score@rougeL": {
    "ocr": 0.75,
    "top_1_guess": 0.6666666666666666,
    "top_3_guess": 0.6666666666666666,
    "top_1_reason": 0.25,
    "top_3_reason": 0.25
  },
  "rouge_score@rougeLsum": {
    "ocr": 0.75,
    "top_1_guess": 0.6666666666666666,
    "top_3_guess": 0.6666666666666666,
    "top_1_reason": 0.25,
    "top_3_reason": 0.25
  },
  "Bert_sim@precision": {
    "ocr": 0.7444994449615479,
    "top_1_guess": 0.9424667358398438,
    "top_3_guess": 0.9424667358398438,
    "top_1_reason": 0.53536456823349,
    "top_3_reason": 0.53536456823349
  },
  "Bert_sim@recall": {
    "ocr": 0.8533300161361694,
    "top_1_guess": 0.8485205173492432,
    "top_3_guess": 0.8485205173492432,
    "top_1_reason": 0.675595760345459,
    "top_3_reason": 0.675595760345459
  },
  "Bert_sim@f1": {
    "ocr": 0.7952084541320801,
    "top_1_guess": 0.8930296301841736,
    "top_3_guess": 0.8930296301841736,
    "top_1_reason": 0.5973606705665588,
    "top_3_reason": 0.5973606705665588
  }
}