{
  "ori_ocr_text": "Dialog Management (DM)",
  "ocr": "Julaela Mchienaman (RN)",
  "result_list": [
    [
      "Dialog Policy",
      " it is logically positioned in the pipeline between DST and NLG in task-oriented dialog systems"
    ],
    [
      "Policy Module",
      " it could be another name used synonymously with Dialog Policy"
    ],
    [
      "Action Selector",
      " it often refers to the component that decides on the action or response in task-oriented systems"
    ]
  ],
  "edit_dis": {
    "ocr": 16,
    "top_1_guess": 15,
    "top_3_guess": 15,
    "top_1_reason": 83,
    "top_3_reason": 51
  },
  "rouge_score@rouge1": {
    "ocr": 0.0,
    "top_1_guess": 0.4,
    "top_3_guess": 0.4,
    "top_1_reason": 0.10526315789473684,
    "top_3_reason": 0.15384615384615383
  },
  "rouge_score@rouge2": {
    "ocr": 0.0,
    "top_1_guess": 0.0,
    "top_3_guess": 0.0,
    "top_1_reason": 0.0,
    "top_3_reason": 0.0
  },
  "rouge_score@rougeL": {
    "ocr": 0.0,
    "top_1_guess": 0.4,
    "top_3_guess": 0.4,
    "top_1_reason": 0.10526315789473684,
    "top_3_reason": 0.15384615384615383
  },
  "rouge_score@rougeLsum": {
    "ocr": 0.0,
    "top_1_guess": 0.4,
    "top_3_guess": 0.4,
    "top_1_reason": 0.10526315789473684,
    "top_3_reason": 0.15384615384615383
  },
  "Bert_sim@precision": {
    "ocr": 0.3508419394493103,
    "top_1_guess": 0.7489836812019348,
    "top_3_guess": 0.7489836812019348,
    "top_1_reason": 0.42833489179611206,
    "top_3_reason": 0.42833489179611206
  },
  "Bert_sim@recall": {
    "ocr": 0.41624972224235535,
    "top_1_guess": 0.519967257976532,
    "top_3_guess": 0.519967257976532,
    "top_1_reason": 0.5335080623626709,
    "top_3_reason": 0.5335080623626709
  },
  "Bert_sim@f1": {
    "ocr": 0.38075727224349976,
    "top_1_guess": 0.6138094067573547,
    "top_3_guess": 0.6138094067573547,
    "top_1_reason": 0.47517138719558716,
    "top_3_reason": 0.47517138719558716
  }
}