{
  "ori_ocr_text": "Natural Language Generation (NLG)",
  "ocr": "NaugaLoupturae Peparnna (ND)",
  "result_list": [
    [
      "Natural Language Understanding",
      " visually similar and relevant to dialog system"
    ],
    [
      "Natural Language Generation",
      " a typical component but less likely in this position"
    ],
    [
      "Dialog State Tracking",
      " potentially relevant but not matching the usual pipeline order"
    ]
  ],
  "edit_dis": {
    "ocr": 20,
    "top_1_guess": 12,
    "top_3_guess": 6,
    "top_1_reason": 35,
    "top_3_reason": 35
  },
  "rouge_score@rouge1": {
    "ocr": 0.0,
    "top_1_guess": 0.5714285714285715,
    "top_3_guess": 0.8571428571428571,
    "top_1_reason": 0.0,
    "top_3_reason": 0.0
  },
  "rouge_score@rouge2": {
    "ocr": 0.0,
    "top_1_guess": 0.4,
    "top_3_guess": 0.8,
    "top_1_reason": 0.0,
    "top_3_reason": 0.0
  },
  "rouge_score@rougeL": {
    "ocr": 0.0,
    "top_1_guess": 0.5714285714285715,
    "top_3_guess": 0.8571428571428571,
    "top_1_reason": 0.0,
    "top_3_reason": 0.0
  },
  "rouge_score@rougeLsum": {
    "ocr": 0.0,
    "top_1_guess": 0.5714285714285715,
    "top_3_guess": 0.8571428571428571,
    "top_1_reason": 0.0,
    "top_3_reason": 0.0
  },
  "Bert_sim@precision": {
    "ocr": 0.3932512402534485,
    "top_1_guess": 0.7214783430099487,
    "top_3_guess": 0.7765344381332397,
    "top_1_reason": 0.3544645309448242,
    "top_3_reason": 0.3544645309448242
  },
  "Bert_sim@recall": {
    "ocr": 0.47042858600616455,
    "top_1_guess": 0.4952232539653778,
    "top_3_guess": 0.5496068000793457,
    "top_1_reason": 0.39273953437805176,
    "top_3_reason": 0.39273953437805176
  },
  "Bert_sim@f1": {
    "ocr": 0.4283916652202606,
    "top_1_guess": 0.5873138308525085,
    "top_3_guess": 0.6436548233032227,
    "top_1_reason": 0.3726217448711395,
    "top_3_reason": 0.3726217448711395
  }
}