{
  "ori_ocr_text": "(c) Diag- g-learned SGP",
  "ocr": "Diegrlenmed \ue0009b",
  "result_list": [
    [
      "Diagonally Learned SGP",
      " the correct term likely refers to a specific algorithm or method used for image reconstruction"
    ],
    [
      "Diagonal Learned Sigmoid",
      " this could be another possible interpretation but less likely as SGP might specifically refer to a Sparse Gaussian Process or similar algorithm variant"
    ],
    [
      "Diangled Learned Sup",
      " least likely but included if the context is drawing from a misspelled interpretation with 'Sup' being an incorrect OCR read"
    ]
  ],
  "edit_dis": {
    "ocr": 15,
    "top_1_guess": 11,
    "top_3_guess": 11,
    "top_1_reason": 85,
    "top_3_reason": 85
  },
  "rouge_score@rouge1": {
    "ocr": 0.0,
    "top_1_guess": 0.5,
    "top_3_guess": 0.5,
    "top_1_reason": 0.0,
    "top_3_reason": 0.07142857142857142
  },
  "rouge_score@rouge2": {
    "ocr": 0.0,
    "top_1_guess": 0.3333333333333333,
    "top_3_guess": 0.3333333333333333,
    "top_1_reason": 0.0,
    "top_3_reason": 0.0
  },
  "rouge_score@rougeL": {
    "ocr": 0.0,
    "top_1_guess": 0.5,
    "top_3_guess": 0.5,
    "top_1_reason": 0.0,
    "top_3_reason": 0.07142857142857142
  },
  "rouge_score@rougeLsum": {
    "ocr": 0.0,
    "top_1_guess": 0.5,
    "top_3_guess": 0.5,
    "top_1_reason": 0.0,
    "top_3_reason": 0.07142857142857142
  },
  "Bert_sim@precision": {
    "ocr": 0.4552774727344513,
    "top_1_guess": 0.698411226272583,
    "top_3_guess": 0.698411226272583,
    "top_1_reason": 0.3251432180404663,
    "top_3_reason": 0.3813720643520355
  },
  "Bert_sim@recall": {
    "ocr": 0.4169118404388428,
    "top_1_guess": 0.5530341863632202,
    "top_3_guess": 0.5530341863632202,
    "top_1_reason": 0.32473114132881165,
    "top_3_reason": 0.4430106282234192
  },
  "Bert_sim@f1": {
    "ocr": 0.4352508783340454,
    "top_1_guess": 0.6172786951065063,
    "top_3_guess": 0.6172786951065063,
    "top_1_reason": 0.3249370753765106,
    "top_3_reason": 0.4018065929412842
  }
}