{
  "ori_ocr_text": "Projected Face",
  "ocr": "Projecttd Face",
  "result_list": [
    [
      "Projected Face",
      " the text seems to be a label for an image output that corresponds to the projected face from the 3D reconstruction"
    ],
    [
      "3DMM Scan",
      " a misinterpretation of the context as the system aims to work without 3D ground truth scans"
    ],
    [
      "Ground Truth",
      " incorrect since the method operates without the need for ground truth data"
    ]
  ],
  "edit_dis": {
    "ocr": 1,
    "top_1_guess": 0,
    "top_3_guess": 0,
    "top_1_reason": 103,
    "top_3_reason": 66
  },
  "rouge_score@rouge1": {
    "ocr": 0.5,
    "top_1_guess": 1.0,
    "top_3_guess": 1.0,
    "top_1_reason": 0.17391304347826084,
    "top_3_reason": 0.17391304347826084
  },
  "rouge_score@rouge2": {
    "ocr": 0.0,
    "top_1_guess": 1.0,
    "top_3_guess": 1.0,
    "top_1_reason": 0.09523809523809523,
    "top_3_reason": 0.09523809523809523
  },
  "rouge_score@rougeL": {
    "ocr": 0.5,
    "top_1_guess": 1.0,
    "top_3_guess": 1.0,
    "top_1_reason": 0.17391304347826084,
    "top_3_reason": 0.17391304347826084
  },
  "rouge_score@rougeLsum": {
    "ocr": 0.5,
    "top_1_guess": 1.0,
    "top_3_guess": 1.0,
    "top_1_reason": 0.17391304347826084,
    "top_3_reason": 0.17391304347826084
  },
  "Bert_sim@precision": {
    "ocr": 0.6109346151351929,
    "top_1_guess": 0.9999999403953552,
    "top_3_guess": 0.9999999403953552,
    "top_1_reason": 0.40870004892349243,
    "top_3_reason": 0.40870004892349243
  },
  "Bert_sim@recall": {
    "ocr": 0.7401036620140076,
    "top_1_guess": 0.9999999403953552,
    "top_3_guess": 0.9999999403953552,
    "top_1_reason": 0.6187867522239685,
    "top_3_reason": 0.6187867522239685
  },
  "Bert_sim@f1": {
    "ocr": 0.669344425201416,
    "top_1_guess": 0.9999999403953552,
    "top_3_guess": 0.9999999403953552,
    "top_1_reason": 0.4922655522823334,
    "top_3_reason": 0.4922655522823334
  }
}