{
  "ori_ocr_text": "Fusion",
  "ocr": "Fus1on.",
  "result_list": [
    [
      "Fusion",
      " visual clue in diagram shows merging of data flows suggesting data fusion"
    ],
    [
      "Data Integration",
      " the process usually involves merging different data types"
    ],
    [
      "Sensor Fusion",
      " commonly used term in context of combining data from different sensors"
    ]
  ],
  "edit_dis": {
    "ocr": 2,
    "top_1_guess": 0,
    "top_3_guess": 0,
    "top_1_reason": 69,
    "top_3_reason": 53
  },
  "rouge_score@rouge1": {
    "ocr": 0.0,
    "top_1_guess": 1.0,
    "top_3_guess": 1.0,
    "top_1_reason": 0.15384615384615385,
    "top_3_reason": 0.15384615384615385
  },
  "rouge_score@rouge2": {
    "ocr": 0.0,
    "top_1_guess": 0.0,
    "top_3_guess": 0.0,
    "top_1_reason": 0.0,
    "top_3_reason": 0.0
  },
  "rouge_score@rougeL": {
    "ocr": 0.0,
    "top_1_guess": 1.0,
    "top_3_guess": 1.0,
    "top_1_reason": 0.15384615384615385,
    "top_3_reason": 0.15384615384615385
  },
  "rouge_score@rougeLsum": {
    "ocr": 0.0,
    "top_1_guess": 1.0,
    "top_3_guess": 1.0,
    "top_1_reason": 0.15384615384615385,
    "top_3_reason": 0.15384615384615385
  },
  "Bert_sim@precision": {
    "ocr": 0.3431090712547302,
    "top_1_guess": 0.9999998807907104,
    "top_3_guess": 0.9999998807907104,
    "top_1_reason": 0.3270930051803589,
    "top_3_reason": 0.3270930051803589
  },
  "Bert_sim@recall": {
    "ocr": 0.5953212380409241,
    "top_1_guess": 0.9999998807907104,
    "top_3_guess": 0.9999998807907104,
    "top_1_reason": 0.7819320559501648,
    "top_3_reason": 0.7819320559501648
  },
  "Bert_sim@f1": {
    "ocr": 0.43532291054725647,
    "top_1_guess": 0.9999998807907104,
    "top_3_guess": 0.9999998807907104,
    "top_1_reason": 0.46124210953712463,
    "top_3_reason": 0.46124210953712463
  }
}