{
  "ori_ocr_text": "rgbFlow processing",
  "ocr": "rgqflow",
  "result_list": [
    [
      "feature processing",
      " it is a common term related to handling feature data in machine learning models"
    ],
    [
      "data processing",
      " it is a generic term for operations on data within a network architecture"
    ],
    [
      "flow processing",
      " related to the processing of motion or optical flow information, as suggested by the context"
    ]
  ],
  "edit_dis": {
    "ocr": 13,
    "top_1_guess": 7,
    "top_3_guess": 4,
    "top_1_reason": 70,
    "top_3_reason": 66
  },
  "rouge_score@rouge1": {
    "ocr": 0.0,
    "top_1_guess": 0.5,
    "top_3_guess": 0.5,
    "top_1_reason": 0.0,
    "top_3_reason": 0.11764705882352941
  },
  "rouge_score@rouge2": {
    "ocr": 0.0,
    "top_1_guess": 0.0,
    "top_3_guess": 0.0,
    "top_1_reason": 0.0,
    "top_3_reason": 0.0
  },
  "rouge_score@rougeL": {
    "ocr": 0.0,
    "top_1_guess": 0.5,
    "top_3_guess": 0.5,
    "top_1_reason": 0.0,
    "top_3_reason": 0.11764705882352941
  },
  "rouge_score@rougeLsum": {
    "ocr": 0.0,
    "top_1_guess": 0.5,
    "top_3_guess": 0.5,
    "top_1_reason": 0.0,
    "top_3_reason": 0.11764705882352941
  },
  "Bert_sim@precision": {
    "ocr": 0.6306576728820801,
    "top_1_guess": 0.7685608863830566,
    "top_3_guess": 0.8721076846122742,
    "top_1_reason": 0.37539923191070557,
    "top_3_reason": 0.3891255259513855
  },
  "Bert_sim@recall": {
    "ocr": 0.6538846492767334,
    "top_1_guess": 0.5695459842681885,
    "top_3_guess": 0.6106289625167847,
    "top_1_reason": 0.4560243487358093,
    "top_3_reason": 0.5103777647018433
  },
  "Bert_sim@f1": {
    "ocr": 0.642061173915863,
    "top_1_guess": 0.6542537808418274,
    "top_3_guess": 0.7183126211166382,
    "top_1_reason": 0.41180258989334106,
    "top_3_reason": 0.44157931208610535
  }
}