{
  "ori_ocr_text": "Occluded Image",
  "ocr": "Omitt Arter",
  "result_list": [
    [
      "Processed Image",
      " alluding to the result after applying ROGUE's pipelines"
    ],
    [
      "Guidance Image",
      " signifying the input image or the reference for reconstruction"
    ],
    [
      "Integrated Face",
      " referring to the final reconstructed face integrating information from both the processed and guidance images"
    ]
  ],
  "edit_dis": {
    "ocr": 12,
    "top_1_guess": 6,
    "top_3_guess": 6,
    "top_1_reason": 48,
    "top_3_reason": 48
  },
  "rouge_score@rouge1": {
    "ocr": 0.0,
    "top_1_guess": 0.5,
    "top_3_guess": 0.5,
    "top_1_reason": 0.0,
    "top_3_reason": 0.1818181818181818
  },
  "rouge_score@rouge2": {
    "ocr": 0.0,
    "top_1_guess": 0.0,
    "top_3_guess": 0.0,
    "top_1_reason": 0.0,
    "top_3_reason": 0.0
  },
  "rouge_score@rougeL": {
    "ocr": 0.0,
    "top_1_guess": 0.5,
    "top_3_guess": 0.5,
    "top_1_reason": 0.0,
    "top_3_reason": 0.1818181818181818
  },
  "rouge_score@rougeLsum": {
    "ocr": 0.0,
    "top_1_guess": 0.5,
    "top_3_guess": 0.5,
    "top_1_reason": 0.0,
    "top_3_reason": 0.1818181818181818
  },
  "Bert_sim@precision": {
    "ocr": 0.48372194170951843,
    "top_1_guess": 0.8000493049621582,
    "top_3_guess": 0.8000493049621582,
    "top_1_reason": 0.43413737416267395,
    "top_3_reason": 0.45555946230888367
  },
  "Bert_sim@recall": {
    "ocr": 0.410258024930954,
    "top_1_guess": 0.5101733207702637,
    "top_3_guess": 0.5101733207702637,
    "top_1_reason": 0.39804112911224365,
    "top_3_reason": 0.4493858814239502
  },
  "Bert_sim@f1": {
    "ocr": 0.4439714848995209,
    "top_1_guess": 0.6230449676513672,
    "top_3_guess": 0.6230449676513672,
    "top_1_reason": 0.41530641913414,
    "top_3_reason": 0.4509316384792328
  }
}