{
  "ori_ocr_text": "Resizer Model",
  "ocr": "Reziter Made",
  "result_list": [
    [
      "Resizer Model",
      " the logical item that would be placed in the context"
    ],
    [
      "Image Resizer",
      " synonymous term with the described model"
    ],
    [
      "Scaling Module",
      " considering it enables down-scaling of images"
    ]
  ],
  "edit_dis": {
    "ocr": 4,
    "top_1_guess": 0,
    "top_3_guess": 0,
    "top_1_reason": 45,
    "top_3_reason": 32
  },
  "rouge_score@rouge1": {
    "ocr": 0.0,
    "top_1_guess": 1.0,
    "top_3_guess": 1.0,
    "top_1_reason": 0.0,
    "top_3_reason": 0.25
  },
  "rouge_score@rouge2": {
    "ocr": 0.0,
    "top_1_guess": 1.0,
    "top_3_guess": 1.0,
    "top_1_reason": 0.0,
    "top_3_reason": 0.0
  },
  "rouge_score@rougeL": {
    "ocr": 0.0,
    "top_1_guess": 1.0,
    "top_3_guess": 1.0,
    "top_1_reason": 0.0,
    "top_3_reason": 0.25
  },
  "rouge_score@rougeLsum": {
    "ocr": 0.0,
    "top_1_guess": 1.0,
    "top_3_guess": 1.0,
    "top_1_reason": 0.0,
    "top_3_reason": 0.25
  },
  "Bert_sim@precision": {
    "ocr": 0.4741297960281372,
    "top_1_guess": 0.9999999403953552,
    "top_3_guess": 0.9999999403953552,
    "top_1_reason": 0.40475332736968994,
    "top_3_reason": 0.4701590836048126
  },
  "Bert_sim@recall": {
    "ocr": 0.5271303057670593,
    "top_1_guess": 0.9999999403953552,
    "top_3_guess": 0.9999999403953552,
    "top_1_reason": 0.43933016061782837,
    "top_3_reason": 0.48906445503234863
  },
  "Bert_sim@f1": {
    "ocr": 0.4992273449897766,
    "top_1_guess": 0.9999999403953552,
    "top_3_guess": 0.9999999403953552,
    "top_1_reason": 0.42133352160453796,
    "top_3_reason": 0.47942546010017395
  }
}