{
  "ori_ocr_text": "RNN+Dropout",
  "ocr": "RNN+Droutout.",
  "result_list": [
    [
      "RNN + Dropout",
      " This is the label of a process block in the architecture diagram"
    ],
    [
      "Recurrent Neural Network + Dropout",
      " RNN is often accompanied by dropout in neural network diagrams"
    ],
    [
      "Recurrent Layer with Dropout",
      " Referring to the recurrent layer with dropout regularization in neural networks"
    ]
  ],
  "edit_dis": {
    "ocr": 3,
    "top_1_guess": 2,
    "top_3_guess": 2,
    "top_1_reason": 61,
    "top_3_reason": 54
  },
  "rouge_score@rouge1": {
    "ocr": 0.5,
    "top_1_guess": 1.0,
    "top_3_guess": 1.0,
    "top_1_reason": 0.0,
    "top_3_reason": 0.33333333333333337
  },
  "rouge_score@rouge2": {
    "ocr": 0.0,
    "top_1_guess": 1.0,
    "top_3_guess": 1.0,
    "top_1_reason": 0.0,
    "top_3_reason": 0.0
  },
  "rouge_score@rougeL": {
    "ocr": 0.5,
    "top_1_guess": 1.0,
    "top_3_guess": 1.0,
    "top_1_reason": 0.0,
    "top_3_reason": 0.33333333333333337
  },
  "rouge_score@rougeLsum": {
    "ocr": 0.5,
    "top_1_guess": 1.0,
    "top_3_guess": 1.0,
    "top_1_reason": 0.0,
    "top_3_reason": 0.33333333333333337
  },
  "Bert_sim@precision": {
    "ocr": 0.6757378578186035,
    "top_1_guess": 0.9999999403953552,
    "top_3_guess": 0.9999999403953552,
    "top_1_reason": 0.35512638092041016,
    "top_3_reason": 0.5156465768814087
  },
  "Bert_sim@recall": {
    "ocr": 0.7405030727386475,
    "top_1_guess": 0.9999999403953552,
    "top_3_guess": 0.9999999403953552,
    "top_1_reason": 0.34744805097579956,
    "top_3_reason": 0.7075577974319458
  },
  "Bert_sim@f1": {
    "ocr": 0.7066395878791809,
    "top_1_guess": 0.9999999403953552,
    "top_3_guess": 0.9999999403953552,
    "top_1_reason": 0.351245254278183,
    "top_3_reason": 0.5965474843978882
  }
}