{
  "ori_ocr_text": "(S,t).",
  "ocr": "P(S,T)",
  "result_list": [
    [
      "inputs",
      " both columns in the architecture take separate document inputs"
    ],
    [
      "S and T documents",
      " the diagram seems to deal with two documents named S and T"
    ],
    [
      "parallel processing",
      " the architecture involves parallel processing of inputs"
    ]
  ],
  "edit_dis": {
    "ocr": 3,
    "top_1_guess": 6,
    "top_3_guess": 6,
    "top_1_reason": 62,
    "top_3_reason": 55
  },
  "rouge_score@rouge1": {
    "ocr": 0.8,
    "top_1_guess": 0.0,
    "top_3_guess": 0.6666666666666666,
    "top_1_reason": 0.0,
    "top_3_reason": 0.2857142857142857
  },
  "rouge_score@rouge2": {
    "ocr": 0.6666666666666666,
    "top_1_guess": 0.0,
    "top_3_guess": 0.0,
    "top_1_reason": 0.0,
    "top_3_reason": 0.0
  },
  "rouge_score@rougeL": {
    "ocr": 0.8,
    "top_1_guess": 0.0,
    "top_3_guess": 0.6666666666666666,
    "top_1_reason": 0.0,
    "top_3_reason": 0.2857142857142857
  },
  "rouge_score@rougeLsum": {
    "ocr": 0.8,
    "top_1_guess": 0.0,
    "top_3_guess": 0.6666666666666666,
    "top_1_reason": 0.0,
    "top_3_reason": 0.2857142857142857
  },
  "Bert_sim@precision": {
    "ocr": 0.778312087059021,
    "top_1_guess": 0.40547990798950195,
    "top_3_guess": 0.6243044137954712,
    "top_1_reason": 0.31345874071121216,
    "top_3_reason": 0.3797968626022339
  },
  "Bert_sim@recall": {
    "ocr": 0.7658477425575256,
    "top_1_guess": 0.293071448802948,
    "top_3_guess": 0.5313483476638794,
    "top_1_reason": 0.2803024649620056,
    "top_3_reason": 0.48507392406463623
  },
  "Bert_sim@f1": {
    "ocr": 0.7720295786857605,
    "top_1_guess": 0.3402314782142639,
    "top_3_guess": 0.5740878582000732,
    "top_1_reason": 0.2959548532962799,
    "top_3_reason": 0.42602792382240295
  }
}