{
  "ori_ocr_text": "SoftMax",
  "ocr": "SoftMax",
  "result_list": [
    [
      "SoftMax layer",
      " final output layer in architecture"
    ],
    [
      "Classification layer",
      " commonly SoftMax is used for classification in neural networks"
    ],
    [
      "Output layer",
      " in the context of neural networks, this often refers to the final layer that makes classification decisions"
    ]
  ],
  "edit_dis": {
    "ocr": 0,
    "top_1_guess": 6,
    "top_3_guess": 6,
    "top_1_reason": 32,
    "top_3_reason": 32
  },
  "Bert_sim": {
    "ocr": 1.0,
    "top_1_guess": 0.6392800807952881,
    "top_3_guess": 0.6392800807952881,
    "top_1_reason": 0.3759016692638397,
    "top_3_reason": 0.3759016692638397
  },
  "rouge_score@rouge1": {
    "ocr": 1.0,
    "top_1_guess": 0.6666666666666666,
    "top_3_guess": 0.6666666666666666,
    "top_1_reason": 0.0,
    "top_3_reason": 0.19999999999999998
  },
  "rouge_score@rouge2": {
    "ocr": 0.0,
    "top_1_guess": 0.0,
    "top_3_guess": 0.0,
    "top_1_reason": 0.0,
    "top_3_reason": 0.0
  },
  "rouge_score@rougeL": {
    "ocr": 1.0,
    "top_1_guess": 0.6666666666666666,
    "top_3_guess": 0.6666666666666666,
    "top_1_reason": 0.0,
    "top_3_reason": 0.19999999999999998
  },
  "rouge_score@rougeLsum": {
    "ocr": 1.0,
    "top_1_guess": 0.6666666666666666,
    "top_3_guess": 0.6666666666666666,
    "top_1_reason": 0.0,
    "top_3_reason": 0.19999999999999998
  }
}