{
  "ori_ocr_text": "RNNTDropout",
  "ocr": "RNN+Droupout",
  "result_list": [
    [
      "RNN+Dropout",
      " it is a label for a model component"
    ],
    [
      "Recurrent Neural Network with Dropout",
      " describes the process within the component"
    ],
    [
      "Layer/Block name",
      " common way to refer to parts of a neural network architecture"
    ]
  ],
  "edit_dis": {
    "ocr": 2,
    "top_1_guess": 1,
    "top_3_guess": 1,
    "top_1_reason": 31,
    "top_3_reason": 31
  },
  "rouge_score@rouge1": {
    "ocr": 0.0,
    "top_1_guess": 0.0,
    "top_3_guess": 0.0,
    "top_1_reason": 0.0,
    "top_3_reason": 0.0
  },
  "rouge_score@rouge2": {
    "ocr": 0.0,
    "top_1_guess": 0.0,
    "top_3_guess": 0.0,
    "top_1_reason": 0.0,
    "top_3_reason": 0.0
  },
  "rouge_score@rougeL": {
    "ocr": 0.0,
    "top_1_guess": 0.0,
    "top_3_guess": 0.0,
    "top_1_reason": 0.0,
    "top_3_reason": 0.0
  },
  "rouge_score@rougeLsum": {
    "ocr": 0.0,
    "top_1_guess": 0.0,
    "top_3_guess": 0.0,
    "top_1_reason": 0.0,
    "top_3_reason": 0.0
  },
  "Bert_sim@precision": {
    "ocr": 0.5015310645103455,
    "top_1_guess": 0.5624101161956787,
    "top_3_guess": 0.5624101161956787,
    "top_1_reason": 0.39316225051879883,
    "top_3_reason": 0.39316225051879883
  },
  "Bert_sim@recall": {
    "ocr": 0.5856106877326965,
    "top_1_guess": 0.5900847911834717,
    "top_3_guess": 0.5900847911834717,
    "top_1_reason": 0.4146093726158142,
    "top_3_reason": 0.4146093726158142
  },
  "Bert_sim@f1": {
    "ocr": 0.5403195023536682,
    "top_1_guess": 0.5759152173995972,
    "top_3_guess": 0.5759152173995972,
    "top_1_reason": 0.4036010801792145,
    "top_3_reason": 0.4036010801792145
  }
}