{
  "ori_ocr_text": "2/9 4/9 3/9",
  "ocr": "(1/5 0/5 0/5)",
  "result_list": [
    [
      "1/5",
      " 2/5, 2/5, The fractions likely represent label proportions for a class distribution in a dataset. The first stage of the LLP process perhaps involves constraining label proportions"
    ],
    [
      "Train",
      " Test, Validation, May indicate different dataset splits used in the training process, though less likely due to context"
    ],
    [
      "Proportion constraints",
      " May correspond to the constraint setup for label proportions during the training, but guessing based on the provided context"
    ]
  ],
  "edit_dis": {
    "ocr": 8,
    "top_1_guess": 10,
    "top_3_guess": 10,
    "top_1_reason": 176,
    "top_3_reason": 118
  },
  "rouge_score@rouge1": {
    "ocr": 0.0,
    "top_1_guess": 0.0,
    "top_3_guess": 0.0,
    "top_1_reason": 0.05714285714285715,
    "top_3_reason": 0.05714285714285715
  },
  "rouge_score@rouge2": {
    "ocr": 0.0,
    "top_1_guess": 0.0,
    "top_3_guess": 0.0,
    "top_1_reason": 0.0,
    "top_3_reason": 0.0
  },
  "rouge_score@rougeL": {
    "ocr": 0.0,
    "top_1_guess": 0.0,
    "top_3_guess": 0.0,
    "top_1_reason": 0.05714285714285715,
    "top_3_reason": 0.05714285714285715
  },
  "rouge_score@rougeLsum": {
    "ocr": 0.0,
    "top_1_guess": 0.0,
    "top_3_guess": 0.0,
    "top_1_reason": 0.05714285714285715,
    "top_3_reason": 0.05714285714285715
  },
  "Bert_sim@precision": {
    "ocr": 0.6739495396614075,
    "top_1_guess": 0.6676125526428223,
    "top_3_guess": 0.6676125526428223,
    "top_1_reason": 0.35232844948768616,
    "top_3_reason": 0.35232844948768616
  },
  "Bert_sim@recall": {
    "ocr": 0.7186378836631775,
    "top_1_guess": 0.5971635580062866,
    "top_3_guess": 0.5971635580062866,
    "top_1_reason": 0.597313642501831,
    "top_3_reason": 0.597313642501831
  },
  "Bert_sim@f1": {
    "ocr": 0.6955766677856445,
    "top_1_guess": 0.6304260492324829,
    "top_3_guess": 0.6304260492324829,
    "top_1_reason": 0.443220853805542,
    "top_3_reason": 0.443220853805542
  }
}