{
  "ori_ocr_text": "Train NN with Pseudo-labels Predictions with NN Parameters",
  "ocr": "Tmin NN with Pdeudoiebeis",
  "result_list": [
    [
      "Train NN with Pseudo-labels",
      " technical context suggests training a neural network with pseudo-labels"
    ],
    [
      "Obtain NN parameters from Tmin",
      " Tmin may refer to a minimal training process obtaining network parameters"
    ],
    [
      "Optimize with Constraints",
      " refers to optimizing the pseudo-labels or parameters with constraints"
    ]
  ],
  "edit_dis": {
    "ocr": 37,
    "top_1_guess": 31,
    "top_3_guess": 31,
    "top_1_reason": 54,
    "top_3_reason": 40
  },
  "Bert_sim": {
    "ocr": 0.5154316425323486,
    "top_1_guess": 0.828414261341095,
    "top_3_guess": 0.828414261341095,
    "top_1_reason": 0.6104837656021118,
    "top_3_reason": 0.6104837656021118
  },
  "rouge_score@rouge1": {
    "ocr": 0.30769230769230765,
    "top_1_guess": 0.7142857142857143,
    "top_3_guess": 0.7142857142857143,
    "top_1_reason": 0.3157894736842105,
    "top_3_reason": 0.4210526315789474
  },
  "rouge_score@rouge2": {
    "ocr": 0.18181818181818182,
    "top_1_guess": 0.6666666666666666,
    "top_3_guess": 0.6666666666666666,
    "top_1_reason": 0.23529411764705882,
    "top_3_reason": 0.23529411764705882
  },
  "rouge_score@rougeL": {
    "ocr": 0.30769230769230765,
    "top_1_guess": 0.7142857142857143,
    "top_3_guess": 0.7142857142857143,
    "top_1_reason": 0.3157894736842105,
    "top_3_reason": 0.3157894736842105
  },
  "rouge_score@rougeLsum": {
    "ocr": 0.30769230769230765,
    "top_1_guess": 0.7142857142857143,
    "top_3_guess": 0.7142857142857143,
    "top_1_reason": 0.3157894736842105,
    "top_3_reason": 0.3157894736842105
  }
}