{
  "ori_ocr_text": "Identity",
  "ocr": "Menthd",
  "result_list": [
    [
      "Method",
      " commonly used heading for describing the process in academic papers"
    ],
    [
      "Prediction",
      " describes the result from the process"
    ],
    [
      "Implementation",
      " describes how the method is realized in practice"
    ]
  ],
  "edit_dis": {
    "ocr": 5,
    "top_1_guess": 6,
    "top_3_guess": 6,
    "top_1_reason": 63,
    "top_3_reason": 34
  },
  "rouge_score@rouge1": {
    "ocr": 0.0,
    "top_1_guess": 0.0,
    "top_3_guess": 0.0,
    "top_1_reason": 0.0,
    "top_3_reason": 0.0
  },
  "rouge_score@rouge2": {
    "ocr": 0.0,
    "top_1_guess": 0.0,
    "top_3_guess": 0.0,
    "top_1_reason": 0.0,
    "top_3_reason": 0.0
  },
  "rouge_score@rougeL": {
    "ocr": 0.0,
    "top_1_guess": 0.0,
    "top_3_guess": 0.0,
    "top_1_reason": 0.0,
    "top_3_reason": 0.0
  },
  "rouge_score@rougeLsum": {
    "ocr": 0.0,
    "top_1_guess": 0.0,
    "top_3_guess": 0.0,
    "top_1_reason": 0.0,
    "top_3_reason": 0.0
  },
  "Bert_sim@precision": {
    "ocr": 0.4065037965774536,
    "top_1_guess": 0.7431827187538147,
    "top_3_guess": 0.7431827187538147,
    "top_1_reason": 0.3213229179382324,
    "top_3_reason": 0.4037758708000183
  },
  "Bert_sim@recall": {
    "ocr": 0.6010786294937134,
    "top_1_guess": 0.7431827187538147,
    "top_3_guess": 0.7431827187538147,
    "top_1_reason": 0.438824862241745,
    "top_3_reason": 0.5938122272491455
  },
  "Bert_sim@f1": {
    "ocr": 0.4850039780139923,
    "top_1_guess": 0.7431827187538147,
    "top_3_guess": 0.7431827187538147,
    "top_1_reason": 0.3709923028945923,
    "top_3_reason": 0.4806934893131256
  }
}