{
  "ori_ocr_text": "Policy Network",
  "ocr": "Pajcr Nemtoe",
  "result_list": [
    [
      "Policy Network",
      " reason: based on the description of the components in the method, it mentions the policy network (\u03c0) after the Global CNN"
    ],
    [
      "Local CNN f_L",
      " reason: the diagram seems to illustrate the flow from the Global CNN to the selection of patches, which would then feed into the Local CNN according to the method overview"
    ],
    [
      "Image Patch",
      " reason: the diagram shows an image patch being processed which is one of the steps described in the method"
    ]
  ],
  "edit_dis": {
    "ocr": 8,
    "top_1_guess": 0,
    "top_3_guess": 0,
    "top_1_reason": 110,
    "top_3_reason": 99
  },
  "rouge_score@rouge1": {
    "ocr": 0.0,
    "top_1_guess": 1.0,
    "top_3_guess": 1.0,
    "top_1_reason": 0.18181818181818182,
    "top_3_reason": 0.18181818181818182
  },
  "rouge_score@rouge2": {
    "ocr": 0.0,
    "top_1_guess": 1.0,
    "top_3_guess": 1.0,
    "top_1_reason": 0.1,
    "top_3_reason": 0.1
  },
  "rouge_score@rougeL": {
    "ocr": 0.0,
    "top_1_guess": 1.0,
    "top_3_guess": 1.0,
    "top_1_reason": 0.18181818181818182,
    "top_3_reason": 0.18181818181818182
  },
  "rouge_score@rougeLsum": {
    "ocr": 0.0,
    "top_1_guess": 1.0,
    "top_3_guess": 1.0,
    "top_1_reason": 0.18181818181818182,
    "top_3_reason": 0.18181818181818182
  },
  "Bert_sim@precision": {
    "ocr": 0.3505811095237732,
    "top_1_guess": 0.9999998807907104,
    "top_3_guess": 0.9999998807907104,
    "top_1_reason": 0.3643004894256592,
    "top_3_reason": 0.3643004894256592
  },
  "Bert_sim@recall": {
    "ocr": 0.4508426785469055,
    "top_1_guess": 0.9999998807907104,
    "top_3_guess": 0.9999998807907104,
    "top_1_reason": 0.7076082825660706,
    "top_3_reason": 0.7076082825660706
  },
  "Bert_sim@f1": {
    "ocr": 0.39444032311439514,
    "top_1_guess": 0.9999998807907104,
    "top_3_guess": 0.9999998807907104,
    "top_1_reason": 0.4809775948524475,
    "top_3_reason": 0.4809775948524475
  }
}