{
  "ori_ocr_text": "Autonomous",
  "ocr": "Ailitun 2'H'el9",
  "result_list": [
    [
      "attacker",
      " the context implies adversarial elements in AV systems"
    ],
    [
      "adversarial",
      " relevant to the adversarial nature of the algorithm"
    ],
    [
      "fault injection",
      " related to context where attackers inject faulty data"
    ]
  ],
  "edit_dis": {
    "ocr": 12,
    "top_1_guess": 9,
    "top_3_guess": 9,
    "top_1_reason": 51,
    "top_3_reason": 47
  },
  "rouge_score@rouge1": {
    "ocr": 0.0,
    "top_1_guess": 0.0,
    "top_3_guess": 0.0,
    "top_1_reason": 0.0,
    "top_3_reason": 0.0
  },
  "rouge_score@rouge2": {
    "ocr": 0.0,
    "top_1_guess": 0.0,
    "top_3_guess": 0.0,
    "top_1_reason": 0.0,
    "top_3_reason": 0.0
  },
  "rouge_score@rougeL": {
    "ocr": 0.0,
    "top_1_guess": 0.0,
    "top_3_guess": 0.0,
    "top_1_reason": 0.0,
    "top_3_reason": 0.0
  },
  "rouge_score@rougeLsum": {
    "ocr": 0.0,
    "top_1_guess": 0.0,
    "top_3_guess": 0.0,
    "top_1_reason": 0.0,
    "top_3_reason": 0.0
  },
  "Bert_sim@precision": {
    "ocr": 0.3295650780200958,
    "top_1_guess": 0.7272239923477173,
    "top_3_guess": 0.7272239923477173,
    "top_1_reason": 0.3362404704093933,
    "top_3_reason": 0.3362404704093933
  },
  "Bert_sim@recall": {
    "ocr": 0.5177520513534546,
    "top_1_guess": 0.7272239923477173,
    "top_3_guess": 0.7272239923477173,
    "top_1_reason": 0.5122657418251038,
    "top_3_reason": 0.5122657418251038
  },
  "Bert_sim@f1": {
    "ocr": 0.4027606248855591,
    "top_1_guess": 0.7272239923477173,
    "top_3_guess": 0.7272239923477173,
    "top_1_reason": 0.40599462389945984,
    "top_3_reason": 0.40599462389945984
  }
}