{
  "ori_ocr_text": "Regression",
  "ocr": "Penelsaico.",
  "result_list": [
    [
      "Prediction",
      " likely term in a model diagram"
    ],
    [
      "Perception",
      " possible label for a sensory input or DNN process"
    ],
    [
      "Encoder",
      " feasible component in a neural network architecture"
    ]
  ],
  "edit_dis": {
    "ocr": 7,
    "top_1_guess": 7,
    "top_3_guess": 5,
    "top_1_reason": 27,
    "top_3_reason": 27
  },
  "rouge_score@rouge1": {
    "ocr": 0.0,
    "top_1_guess": 0.0,
    "top_3_guess": 0.0,
    "top_1_reason": 0.0,
    "top_3_reason": 0.0
  },
  "rouge_score@rouge2": {
    "ocr": 0.0,
    "top_1_guess": 0.0,
    "top_3_guess": 0.0,
    "top_1_reason": 0.0,
    "top_3_reason": 0.0
  },
  "rouge_score@rougeL": {
    "ocr": 0.0,
    "top_1_guess": 0.0,
    "top_3_guess": 0.0,
    "top_1_reason": 0.0,
    "top_3_reason": 0.0
  },
  "rouge_score@rougeLsum": {
    "ocr": 0.0,
    "top_1_guess": 0.0,
    "top_3_guess": 0.0,
    "top_1_reason": 0.0,
    "top_3_reason": 0.0
  },
  "Bert_sim@precision": {
    "ocr": 0.33234667778015137,
    "top_1_guess": 0.8179391622543335,
    "top_3_guess": 0.8179391622543335,
    "top_1_reason": 0.3658086657524109,
    "top_3_reason": 0.3658086657524109
  },
  "Bert_sim@recall": {
    "ocr": 0.5252309441566467,
    "top_1_guess": 0.8179391622543335,
    "top_3_guess": 0.8179391622543335,
    "top_1_reason": 0.5375733375549316,
    "top_3_reason": 0.6128597259521484
  },
  "Bert_sim@f1": {
    "ocr": 0.4070972800254822,
    "top_1_guess": 0.8179391622543335,
    "top_3_guess": 0.8179391622543335,
    "top_1_reason": 0.43536174297332764,
    "top_3_reason": 0.4497458040714264
  }
}