{
  "ori_ocr_text": "Enhance",
  "ocr": "Enlence.",
  "result_list": [
    [
      "Enhancement",
      " matches the caption describing the enhancement network"
    ],
    [
      "Enhance",
      " similar to 'Enhancement' and fits the context"
    ],
    [
      "Enhancer",
      " possible alternative term for a network that improves features"
    ]
  ],
  "edit_dis": {
    "ocr": 3,
    "top_1_guess": 4,
    "top_3_guess": 0,
    "top_1_reason": 49,
    "top_3_reason": 39
  },
  "rouge_score@rouge1": {
    "ocr": 0.0,
    "top_1_guess": 0.0,
    "top_3_guess": 1.0,
    "top_1_reason": 0.0,
    "top_3_reason": 0.0
  },
  "rouge_score@rouge2": {
    "ocr": 0.0,
    "top_1_guess": 0.0,
    "top_3_guess": 0.0,
    "top_1_reason": 0.0,
    "top_3_reason": 0.0
  },
  "rouge_score@rougeL": {
    "ocr": 0.0,
    "top_1_guess": 0.0,
    "top_3_guess": 1.0,
    "top_1_reason": 0.0,
    "top_3_reason": 0.0
  },
  "rouge_score@rougeLsum": {
    "ocr": 0.0,
    "top_1_guess": 0.0,
    "top_3_guess": 1.0,
    "top_1_reason": 0.0,
    "top_3_reason": 0.0
  },
  "Bert_sim@precision": {
    "ocr": 0.4233681559562683,
    "top_1_guess": 0.7493253350257874,
    "top_3_guess": 0.9999998807907104,
    "top_1_reason": 0.3262684643268585,
    "top_3_reason": 0.3262684643268585
  },
  "Bert_sim@recall": {
    "ocr": 0.5901556611061096,
    "top_1_guess": 0.7493253350257874,
    "top_3_guess": 0.9999998807907104,
    "top_1_reason": 0.4989457130432129,
    "top_3_reason": 0.6022418141365051
  },
  "Bert_sim@f1": {
    "ocr": 0.49303847551345825,
    "top_1_guess": 0.7493253350257874,
    "top_3_guess": 0.9999998807907104,
    "top_1_reason": 0.3945406377315521,
    "top_3_reason": 0.40020206570625305
  }
}