{
  "ori_ocr_text": "Lgan",
  "ocr": "Lguil",
  "result_list": [
    [
      "GAN",
      " common abbreviation for Generative Adversarial Network"
    ],
    [
      "GAN",
      " typical term used with discriminators in machine learning"
    ],
    [
      "GAN",
      " often linked with loss functions in adversarial training"
    ]
  ],
  "edit_dis": {
    "ocr": 3,
    "top_1_guess": 4,
    "top_3_guess": 4,
    "top_1_reason": 53,
    "top_3_reason": 53
  },
  "rouge_score@rouge1": {
    "ocr": 0.0,
    "top_1_guess": 0.0,
    "top_3_guess": 0.0,
    "top_1_reason": 0.0,
    "top_3_reason": 0.0
  },
  "rouge_score@rouge2": {
    "ocr": 0.0,
    "top_1_guess": 0.0,
    "top_3_guess": 0.0,
    "top_1_reason": 0.0,
    "top_3_reason": 0.0
  },
  "rouge_score@rougeL": {
    "ocr": 0.0,
    "top_1_guess": 0.0,
    "top_3_guess": 0.0,
    "top_1_reason": 0.0,
    "top_3_reason": 0.0
  },
  "rouge_score@rougeLsum": {
    "ocr": 0.0,
    "top_1_guess": 0.0,
    "top_3_guess": 0.0,
    "top_1_reason": 0.0,
    "top_3_reason": 0.0
  },
  "Bert_sim@precision": {
    "ocr": 0.5493912100791931,
    "top_1_guess": 0.607051432132721,
    "top_3_guess": 0.607051432132721,
    "top_1_reason": 0.2671947479248047,
    "top_3_reason": 0.30847039818763733
  },
  "Bert_sim@recall": {
    "ocr": 0.6705294847488403,
    "top_1_guess": 0.468389630317688,
    "top_3_guess": 0.468389630317688,
    "top_1_reason": 0.3507106900215149,
    "top_3_reason": 0.40694934129714966
  },
  "Bert_sim@f1": {
    "ocr": 0.6039458513259888,
    "top_1_guess": 0.5287813544273376,
    "top_3_guess": 0.5287813544273376,
    "top_1_reason": 0.30330872535705566,
    "top_3_reason": 0.35093194246292114
  }
}