{
  "ori_ocr_text": "Fbank",
  "ocr": "Fbank.",
  "result_list": [
    [
      "log Fbank",
      " it is consistent with the caption and other parts of the figure"
    ],
    [
      "Fbank feature",
      " assuming a possible shorthand for Fbank feature extraction"
    ],
    [
      "Fbank extraction",
      " considering the process being depicted is the extraction of Fbank features"
    ]
  ],
  "edit_dis": {
    "ocr": 1,
    "top_1_guess": 4,
    "top_3_guess": 4,
    "top_1_reason": 62,
    "top_3_reason": 54
  },
  "rouge_score@rouge1": {
    "ocr": 1.0,
    "top_1_guess": 0.6666666666666666,
    "top_3_guess": 0.6666666666666666,
    "top_1_reason": 0.0,
    "top_3_reason": 0.2222222222222222
  },
  "rouge_score@rouge2": {
    "ocr": 0.0,
    "top_1_guess": 0.0,
    "top_3_guess": 0.0,
    "top_1_reason": 0.0,
    "top_3_reason": 0.0
  },
  "rouge_score@rougeL": {
    "ocr": 1.0,
    "top_1_guess": 0.6666666666666666,
    "top_3_guess": 0.6666666666666666,
    "top_1_reason": 0.0,
    "top_3_reason": 0.2222222222222222
  },
  "rouge_score@rougeLsum": {
    "ocr": 1.0,
    "top_1_guess": 0.6666666666666666,
    "top_3_guess": 0.6666666666666666,
    "top_1_reason": 0.0,
    "top_3_reason": 0.2222222222222222
  },
  "Bert_sim@precision": {
    "ocr": 0.690488338470459,
    "top_1_guess": 0.6926230192184448,
    "top_3_guess": 0.7021273374557495,
    "top_1_reason": 0.2974245250225067,
    "top_3_reason": 0.38396701216697693
  },
  "Bert_sim@recall": {
    "ocr": 0.737874448299408,
    "top_1_guess": 0.8249940872192383,
    "top_3_guess": 0.8249940872192383,
    "top_1_reason": 0.330810010433197,
    "top_3_reason": 0.6510209441184998
  },
  "Bert_sim@f1": {
    "ocr": 0.713395357131958,
    "top_1_guess": 0.7530356645584106,
    "top_3_guess": 0.7530356645584106,
    "top_1_reason": 0.3132302165031433,
    "top_3_reason": 0.47901445627212524
  }
}