{
  "ori_ocr_text": "Train NN with Pseudo-labels Predictions with NN Parameters",
  "ocr": "Tmir NN wth Pseudo[laber",
  "result_list": [
    [
      "Training NN with Pseudo-Labeler",
      "The intended text probably describes components used in the second stage for training a neural network using pseudo labels"
    ],
    [
      "Training Neural Network with Pseudo Labels",
      "This is a likely correction of the garbled text to convey the use of pseudo labels in training"
    ],
    [
      "Train NN with Pseudo-Labeler",
      "A simplified guess emphasizing the training process of the neural network with the assistance of a pseudo labeler"
    ]
  ],
  "edit_dis": {
    "ocr": 37,
    "top_1_guess": 34,
    "top_3_guess": 31,
    "top_1_reason": 94,
    "top_3_reason": 73
  },
  "Bert_sim": {
    "ocr": 0.5294404625892639,
    "top_1_guess": 0.7814579010009766,
    "top_3_guess": 0.7814579010009766,
    "top_1_reason": 0.481634259223938,
    "top_3_reason": 0.5170236825942993
  },
  "rouge_score@rouge1": {
    "ocr": 0.2857142857142857,
    "top_1_guess": 0.42857142857142855,
    "top_3_guess": 0.5714285714285714,
    "top_1_reason": 0.14285714285714285,
    "top_3_reason": 0.14814814814814814
  },
  "rouge_score@rouge2": {
    "ocr": 0.0,
    "top_1_guess": 0.3333333333333333,
    "top_3_guess": 0.5,
    "top_1_reason": 0.07692307692307691,
    "top_3_reason": 0.07999999999999999
  },
  "rouge_score@rougeL": {
    "ocr": 0.2857142857142857,
    "top_1_guess": 0.42857142857142855,
    "top_3_guess": 0.5714285714285714,
    "top_1_reason": 0.14285714285714285,
    "top_3_reason": 0.14814814814814814
  },
  "rouge_score@rougeLsum": {
    "ocr": 0.2857142857142857,
    "top_1_guess": 0.42857142857142855,
    "top_3_guess": 0.5714285714285714,
    "top_1_reason": 0.14285714285714285,
    "top_3_reason": 0.14814814814814814
  }
}