{
  "ori_ocr_text": "Ordinary LLP Training",
  "ocr": "Ordinary LLP Training.",
  "result_list": [
    [
      "First Stage",
      "linked to the initial LLP training process"
    ],
    [
      "Initial Training",
      "as it represents the beginning of the framework"
    ],
    [
      "Primary Phase",
      "synonymous with the beginning of the process"
    ]
  ],
  "edit_dis": {
    "ocr": 1,
    "top_1_guess": 17,
    "top_3_guess": 11,
    "top_1_reason": 27,
    "top_3_reason": 27
  },
  "rouge_score@rouge1": {
    "ocr": 1.0,
    "top_1_guess": 0.0,
    "top_3_guess": 0.4,
    "top_1_reason": 0.4,
    "top_3_reason": 0.4
  },
  "rouge_score@rouge2": {
    "ocr": 1.0,
    "top_1_guess": 0.0,
    "top_3_guess": 0.0,
    "top_1_reason": 0.25,
    "top_3_reason": 0.25
  },
  "rouge_score@rougeL": {
    "ocr": 1.0,
    "top_1_guess": 0.0,
    "top_3_guess": 0.4,
    "top_1_reason": 0.4,
    "top_3_reason": 0.4
  },
  "rouge_score@rougeLsum": {
    "ocr": 1.0,
    "top_1_guess": 0.0,
    "top_3_guess": 0.4,
    "top_1_reason": 0.4,
    "top_3_reason": 0.4
  },
  "Bert_sim@precision": {
    "ocr": 0.8650103807449341,
    "top_1_guess": 0.4059672951698303,
    "top_3_guess": 0.71736079454422,
    "top_1_reason": 0.6287589073181152,
    "top_3_reason": 0.6287589073181152
  },
  "Bert_sim@recall": {
    "ocr": 0.9097496271133423,
    "top_1_guess": 0.3172720968723297,
    "top_3_guess": 0.5372003316879272,
    "top_1_reason": 0.7368738651275635,
    "top_3_reason": 0.7368738651275635
  },
  "Bert_sim@f1": {
    "ocr": 0.886816143989563,
    "top_1_guess": 0.3561810553073883,
    "top_3_guess": 0.6143446564674377,
    "top_1_reason": 0.6785367131233215,
    "top_3_reason": 0.6785367131233215
  }
}