{
  "ori_ocr_text": "Zhang",
  "ocr": "Zhtang.",
  "result_list": [
    [
      "Zhang",
      " likely abbreviation for an author\u2019s name cited"
    ],
    [
      "Citation reference",
      " refers to previous works by Zhang"
    ],
    [
      "Index term",
      " related to academic referencing or indexing of research work"
    ]
  ],
  "edit_dis": {
    "ocr": 2,
    "top_1_guess": 0,
    "top_3_guess": 0,
    "top_1_reason": 45,
    "top_3_reason": 29
  },
  "rouge_score@rouge1": {
    "ocr": 0.0,
    "top_1_guess": 1.0,
    "top_3_guess": 1.0,
    "top_1_reason": 0.0,
    "top_3_reason": 0.2857142857142857
  },
  "rouge_score@rouge2": {
    "ocr": 0.0,
    "top_1_guess": 0.0,
    "top_3_guess": 0.0,
    "top_1_reason": 0.0,
    "top_3_reason": 0.0
  },
  "rouge_score@rougeL": {
    "ocr": 0.0,
    "top_1_guess": 1.0,
    "top_3_guess": 1.0,
    "top_1_reason": 0.0,
    "top_3_reason": 0.2857142857142857
  },
  "rouge_score@rougeLsum": {
    "ocr": 0.0,
    "top_1_guess": 1.0,
    "top_3_guess": 1.0,
    "top_1_reason": 0.0,
    "top_3_reason": 0.2857142857142857
  },
  "Bert_sim@precision": {
    "ocr": 0.39022430777549744,
    "top_1_guess": 1.0000001192092896,
    "top_3_guess": 1.0000001192092896,
    "top_1_reason": 0.22585901618003845,
    "top_3_reason": 0.35749050974845886
  },
  "Bert_sim@recall": {
    "ocr": 0.5082792639732361,
    "top_1_guess": 1.0000001192092896,
    "top_3_guess": 1.0000001192092896,
    "top_1_reason": 0.5901526212692261,
    "top_3_reason": 0.8309934139251709
  },
  "Bert_sim@f1": {
    "ocr": 0.4414961338043213,
    "top_1_guess": 1.0000001192092896,
    "top_3_guess": 1.0000001192092896,
    "top_1_reason": 0.3266896605491638,
    "top_3_reason": 0.49991801381111145
  }
}