{
  "ori_ocr_text": "Input Image",
  "ocr": "Zhtang input image",
  "result_list": [
    [
      "Input Image",
      " textual similarity"
    ],
    [
      "Input Image",
      " logical element in pipeline diagrams"
    ],
    [
      "Source Image",
      " association with image processing steps"
    ]
  ],
  "edit_dis": {
    "ocr": 9,
    "top_1_guess": 0,
    "top_3_guess": 0,
    "top_1_reason": 15,
    "top_3_reason": 15
  },
  "rouge_score@rouge1": {
    "ocr": 0.8,
    "top_1_guess": 1.0,
    "top_3_guess": 1.0,
    "top_1_reason": 0.0,
    "top_3_reason": 0.28571428571428575
  },
  "rouge_score@rouge2": {
    "ocr": 0.6666666666666666,
    "top_1_guess": 1.0,
    "top_3_guess": 1.0,
    "top_1_reason": 0.0,
    "top_3_reason": 0.0
  },
  "rouge_score@rougeL": {
    "ocr": 0.8,
    "top_1_guess": 1.0,
    "top_3_guess": 1.0,
    "top_1_reason": 0.0,
    "top_3_reason": 0.28571428571428575
  },
  "rouge_score@rougeLsum": {
    "ocr": 0.8,
    "top_1_guess": 1.0,
    "top_3_guess": 1.0,
    "top_1_reason": 0.0,
    "top_3_reason": 0.28571428571428575
  },
  "Bert_sim@precision": {
    "ocr": 0.5531127452850342,
    "top_1_guess": 0.9999998807907104,
    "top_3_guess": 0.9999998807907104,
    "top_1_reason": 0.5346133708953857,
    "top_3_reason": 0.5346133708953857
  },
  "Bert_sim@recall": {
    "ocr": 0.9181650280952454,
    "top_1_guess": 0.9999998807907104,
    "top_3_guess": 0.9999998807907104,
    "top_1_reason": 0.5346133708953857,
    "top_3_reason": 0.5346133708953857
  },
  "Bert_sim@f1": {
    "ocr": 0.6903507113456726,
    "top_1_guess": 0.9999998807907104,
    "top_3_guess": 0.9999998807907104,
    "top_1_reason": 0.5346133708953857,
    "top_3_reason": 0.5346133708953857
  }
}