{
  "ori_ocr_text": "GD class IOU matching",
  "ocr": "lt class &l location\nnotoning",
  "result_list": [
    [
      "detection and location",
      " because it seems to refer to object detection and its location in the image"
    ],
    [
      "class and location notation",
      " as the context implies notation of class and spatial information"
    ],
    [
      "classification & localization",
      " following the general terminology in object detection tasks"
    ]
  ],
  "edit_dis": {
    "ocr": 17,
    "top_1_guess": 18,
    "top_3_guess": 18,
    "top_1_reason": 65,
    "top_3_reason": 52
  },
  "rouge_score@rouge1": {
    "ocr": 0.22222222222222224,
    "top_1_guess": 0.0,
    "top_3_guess": 0.25,
    "top_1_reason": 0.0,
    "top_3_reason": 0.14285714285714288
  },
  "rouge_score@rouge2": {
    "ocr": 0.0,
    "top_1_guess": 0.0,
    "top_3_guess": 0.0,
    "top_1_reason": 0.0,
    "top_3_reason": 0.0
  },
  "rouge_score@rougeL": {
    "ocr": 0.22222222222222224,
    "top_1_guess": 0.0,
    "top_3_guess": 0.25,
    "top_1_reason": 0.0,
    "top_3_reason": 0.14285714285714288
  },
  "rouge_score@rougeLsum": {
    "ocr": 0.22222222222222224,
    "top_1_guess": 0.0,
    "top_3_guess": 0.25,
    "top_1_reason": 0.0,
    "top_3_reason": 0.14285714285714288
  },
  "Bert_sim@precision": {
    "ocr": 0.5309271812438965,
    "top_1_guess": 0.401956170797348,
    "top_3_guess": 0.5214160680770874,
    "top_1_reason": 0.3685474693775177,
    "top_3_reason": 0.43153274059295654
  },
  "Bert_sim@recall": {
    "ocr": 0.5561699867248535,
    "top_1_guess": 0.34397587180137634,
    "top_3_guess": 0.458036333322525,
    "top_1_reason": 0.38184136152267456,
    "top_3_reason": 0.44604095816612244
  },
  "Bert_sim@f1": {
    "ocr": 0.5432555079460144,
    "top_1_guess": 0.37071266770362854,
    "top_3_guess": 0.48767557740211487,
    "top_1_reason": 0.37507665157318115,
    "top_3_reason": 0.4386669099330902
  }
}