{
  "ori_ocr_text": "Global feature map classods appod, clsgare abbgash CC, FC",
  "ocr": "(n1-n8, bb_gd) (H3, CC)",
  "result_list": [
    [
      "Global feature map",
      " context in the image indicates this relates to the overall feature extraction process in the \"Ours\" method"
    ],
    [
      "Bounding box information",
      " given the context of object detection and the diagram structure, this could refer to spatial features used for OD/GD"
    ],
    [
      "Reasoning post-processing",
      " this term is used in the text and could relate to the process following feature extraction"
    ]
  ],
  "edit_dis": {
    "ocr": 50,
    "top_1_guess": 39,
    "top_3_guess": 39,
    "top_1_reason": 83,
    "top_3_reason": 75
  },
  "rouge_score@rouge1": {
    "ocr": 0.13333333333333333,
    "top_1_guess": 0.5,
    "top_3_guess": 0.5,
    "top_1_reason": 0.07692307692307691,
    "top_3_reason": 0.08
  },
  "rouge_score@rouge2": {
    "ocr": 0.0,
    "top_1_guess": 0.4,
    "top_3_guess": 0.4,
    "top_1_reason": 0.0,
    "top_3_reason": 0.0
  },
  "rouge_score@rougeL": {
    "ocr": 0.13333333333333333,
    "top_1_guess": 0.5,
    "top_3_guess": 0.5,
    "top_1_reason": 0.07692307692307691,
    "top_3_reason": 0.08
  },
  "rouge_score@rougeLsum": {
    "ocr": 0.13333333333333333,
    "top_1_guess": 0.5,
    "top_3_guess": 0.5,
    "top_1_reason": 0.07692307692307691,
    "top_3_reason": 0.08
  },
  "Bert_sim@precision": {
    "ocr": 0.4849926829338074,
    "top_1_guess": 0.8406403064727783,
    "top_3_guess": 0.8406403064727783,
    "top_1_reason": 0.4349346160888672,
    "top_3_reason": 0.4529789984226227
  },
  "Bert_sim@recall": {
    "ocr": 0.5117402076721191,
    "top_1_guess": 0.48035505414009094,
    "top_3_guess": 0.48035505414009094,
    "top_1_reason": 0.40731385350227356,
    "top_3_reason": 0.4943113923072815
  },
  "Bert_sim@f1": {
    "ocr": 0.49800756573677063,
    "top_1_guess": 0.6113660335540771,
    "top_3_guess": 0.6113660335540771,
    "top_1_reason": 0.42067137360572815,
    "top_3_reason": 0.4727434813976288
  }
}