{
  "ori_ocr_text": "Identity",
  "ocr": "Rastnier.",
  "result_list": [
    [
      "Classifier",
      " it is near the final step in the process flow"
    ],
    [
      "Aggregation",
      " it refers to combining information"
    ],
    [
      "Prediction",
      " it is the outcome of the process that the diagram describes"
    ]
  ],
  "edit_dis": {
    "ocr": 8,
    "top_1_guess": 9,
    "top_3_guess": 7,
    "top_1_reason": 41,
    "top_3_reason": 31
  },
  "rouge_score@rouge1": {
    "ocr": 0.0,
    "top_1_guess": 0.0,
    "top_3_guess": 0.0,
    "top_1_reason": 0.0,
    "top_3_reason": 0.0
  },
  "rouge_score@rouge2": {
    "ocr": 0.0,
    "top_1_guess": 0.0,
    "top_3_guess": 0.0,
    "top_1_reason": 0.0,
    "top_3_reason": 0.0
  },
  "rouge_score@rougeL": {
    "ocr": 0.0,
    "top_1_guess": 0.0,
    "top_3_guess": 0.0,
    "top_1_reason": 0.0,
    "top_3_reason": 0.0
  },
  "rouge_score@rougeLsum": {
    "ocr": 0.0,
    "top_1_guess": 0.0,
    "top_3_guess": 0.0,
    "top_1_reason": 0.0,
    "top_3_reason": 0.0
  },
  "Bert_sim@precision": {
    "ocr": 0.3563026189804077,
    "top_1_guess": 0.567542314529419,
    "top_3_guess": 0.7581796050071716,
    "top_1_reason": 0.3272833228111267,
    "top_3_reason": 0.39540600776672363
  },
  "Bert_sim@recall": {
    "ocr": 0.5068062543869019,
    "top_1_guess": 0.7070156931877136,
    "top_3_guess": 0.7581796050071716,
    "top_1_reason": 0.5641658306121826,
    "top_3_reason": 0.5788165330886841
  },
  "Bert_sim@f1": {
    "ocr": 0.4184325039386749,
    "top_1_guess": 0.6296477913856506,
    "top_3_guess": 0.7581796050071716,
    "top_1_reason": 0.4142514765262604,
    "top_3_reason": 0.4698465168476105
  }
}