{
  "ori_ocr_text": "Input Image",
  "ocr": "error or manual mistake)\n3: (Intput Image, This could be an",
  "result_list": [
    [
      "Input Image",
      "The label corresponds to the first step of the process where an image is inputted for analysis"
    ],
    [
      "Inout Image",
      "It's a common misspelling of 'Input,' possibly due to"
    ]
  ],
  "edit_dis": {
    "ocr": 48,
    "top_1_guess": 0,
    "top_3_guess": 0,
    "top_1_reason": 86,
    "top_3_reason": 46
  },
  "Bert_sim": {
    "ocr": 0.44358035922050476,
    "top_1_guess": 0.9999998807907104,
    "top_3_guess": 0.9999998807907104,
    "top_1_reason": 0.474168598651886,
    "top_3_reason": 0.474168598651886
  },
  "rouge_score@rouge1": {
    "ocr": 0.15384615384615385,
    "top_1_guess": 1.0,
    "top_3_guess": 1.0,
    "top_1_reason": 0.10526315789473684,
    "top_3_reason": 0.16666666666666669
  },
  "rouge_score@rouge2": {
    "ocr": 0.0,
    "top_1_guess": 1.0,
    "top_3_guess": 1.0,
    "top_1_reason": 0.0,
    "top_3_reason": 0.0
  },
  "rouge_score@rougeL": {
    "ocr": 0.15384615384615385,
    "top_1_guess": 1.0,
    "top_3_guess": 1.0,
    "top_1_reason": 0.10526315789473684,
    "top_3_reason": 0.16666666666666669
  },
  "rouge_score@rougeLsum": {
    "ocr": 0.15384615384615385,
    "top_1_guess": 1.0,
    "top_3_guess": 1.0,
    "top_1_reason": 0.10526315789473684,
    "top_3_reason": 0.16666666666666669
  }
}