{
  "ori_ocr_text": "GD class IOU matching",
  "ocr": "GD uizss Bi; IOU natcning.",
  "result_list": [
    [
      "GD classes & IOU matching",
      "The correct text likely refers to classes of grasping detection and their matching based on the Intersection over Union metric"
    ],
    [
      "Grasping Detection & IOU matching",
      "A common term in object detection literature referring to the process of matching detected objects"
    ],
    [
      "Object classes & IOU matching",
      "Given the context, the circle may refer to matching object classes based on IOU, although this is less likely given the specific focus on grasping in other parts of the text"
    ]
  ],
  "edit_dis": {
    "ocr": 10,
    "top_1_guess": 4,
    "top_3_guess": 4,
    "top_1_reason": 110,
    "top_3_reason": 83
  },
  "rouge_score@rouge1": {
    "ocr": 0.4444444444444445,
    "top_1_guess": 0.75,
    "top_3_guess": 0.75,
    "top_1_reason": 0.08333333333333334,
    "top_3_reason": 0.1142857142857143
  },
  "rouge_score@rouge2": {
    "ocr": 0.0,
    "top_1_guess": 0.3333333333333333,
    "top_3_guess": 0.3333333333333333,
    "top_1_reason": 0.0,
    "top_3_reason": 0.0
  },
  "rouge_score@rougeL": {
    "ocr": 0.4444444444444445,
    "top_1_guess": 0.75,
    "top_3_guess": 0.75,
    "top_1_reason": 0.08333333333333334,
    "top_3_reason": 0.10526315789473685
  },
  "rouge_score@rougeLsum": {
    "ocr": 0.4444444444444445,
    "top_1_guess": 0.75,
    "top_3_guess": 0.75,
    "top_1_reason": 0.08333333333333334,
    "top_3_reason": 0.10526315789473685
  },
  "Bert_sim@precision": {
    "ocr": 0.596240222454071,
    "top_1_guess": 0.8249963521957397,
    "top_3_guess": 0.8249963521957397,
    "top_1_reason": 0.45010995864868164,
    "top_3_reason": 0.45010995864868164
  },
  "Bert_sim@recall": {
    "ocr": 0.6923246383666992,
    "top_1_guess": 0.8981930017471313,
    "top_3_guess": 0.8981930017471313,
    "top_1_reason": 0.48609626293182373,
    "top_3_reason": 0.6204069256782532
  },
  "Bert_sim@f1": {
    "ocr": 0.6407000422477722,
    "top_1_guess": 0.8600400686264038,
    "top_3_guess": 0.8600400686264038,
    "top_1_reason": 0.46741148829460144,
    "top_3_reason": 0.47002074122428894
  }
}