{
  "ori_ocr_text": "Global feature map classods appod, clsgare abbgash CC, FC",
  "ocr": "cls bbuls uzdss B; OD / GD matching",
  "result_list": [
    [
      "cls_bbod bbod",
      "Reason: The pattern suggests class and bounding box notation"
    ],
    [
      "local_features FC",
      "Reason: \"FC\" could be mentioning feature classes which relate to local features"
    ],
    [
      "global_feature_map",
      "Reason: Mentioned in the corresponding schematic indicating it is a consolidated feature map for OD/GD"
    ]
  ],
  "edit_dis": {
    "ocr": 47,
    "top_1_guess": 49,
    "top_3_guess": 42,
    "top_1_reason": 50,
    "top_3_reason": 50
  },
  "rouge_score@rouge1": {
    "ocr": 0.0,
    "top_1_guess": 0.0,
    "top_3_guess": 0.5,
    "top_1_reason": 0.0,
    "top_3_reason": 0.1904761904761905
  },
  "rouge_score@rouge2": {
    "ocr": 0.0,
    "top_1_guess": 0.0,
    "top_3_guess": 0.4,
    "top_1_reason": 0.0,
    "top_3_reason": 0.08695652173913045
  },
  "rouge_score@rougeL": {
    "ocr": 0.0,
    "top_1_guess": 0.0,
    "top_3_guess": 0.5,
    "top_1_reason": 0.0,
    "top_3_reason": 0.16
  },
  "rouge_score@rougeLsum": {
    "ocr": 0.0,
    "top_1_guess": 0.0,
    "top_3_guess": 0.5,
    "top_1_reason": 0.0,
    "top_3_reason": 0.16
  },
  "Bert_sim@precision": {
    "ocr": 0.5722060203552246,
    "top_1_guess": 0.5428206920623779,
    "top_3_guess": 0.5662335157394409,
    "top_1_reason": 0.4394439160823822,
    "top_3_reason": 0.4858380854129791
  },
  "Bert_sim@recall": {
    "ocr": 0.559058666229248,
    "top_1_guess": 0.4980776309967041,
    "top_3_guess": 0.4980776309967041,
    "top_1_reason": 0.40831154584884644,
    "top_3_reason": 0.5227839946746826
  },
  "Bert_sim@f1": {
    "ocr": 0.5655559301376343,
    "top_1_guess": 0.5194875001907349,
    "top_3_guess": 0.5207216143608093,
    "top_1_reason": 0.42330610752105713,
    "top_3_reason": 0.5036343932151794
  }
}