{
  "ori_ocr_text": "CNNs (Resnet-101)",
  "ocr": "C(INN}, (Reshet-101)",
  "result_list": [
    [
      "CNNs",
      "It appears to be an abbreviation for Convolutional Neural Networks"
    ],
    [
      "ResNet-101",
      "This is likely referring to a specific CNN architecture known as Residual Network with 101 layers"
    ],
    [
      "Danhnet-53",
      "This seems like a misspelled or fictional network name, perhaps a variation of a CNN architecture"
    ]
  ],
  "edit_dis": {
    "ocr": 5,
    "top_1_guess": 13,
    "top_3_guess": 8,
    "top_1_reason": 60,
    "top_3_reason": 60
  },
  "rouge_score@rouge1": {
    "ocr": 0.28571428571428575,
    "top_1_guess": 0.5,
    "top_3_guess": 0.8,
    "top_1_reason": 0.0,
    "top_3_reason": 0.10526315789473684
  },
  "rouge_score@rouge2": {
    "ocr": 0.0,
    "top_1_guess": 0.0,
    "top_3_guess": 0.6666666666666666,
    "top_1_reason": 0.0,
    "top_3_reason": 0.0
  },
  "rouge_score@rougeL": {
    "ocr": 0.28571428571428575,
    "top_1_guess": 0.5,
    "top_3_guess": 0.8,
    "top_1_reason": 0.0,
    "top_3_reason": 0.10526315789473684
  },
  "rouge_score@rougeLsum": {
    "ocr": 0.28571428571428575,
    "top_1_guess": 0.5,
    "top_3_guess": 0.8,
    "top_1_reason": 0.0,
    "top_3_reason": 0.10526315789473684
  },
  "Bert_sim@precision": {
    "ocr": 0.656287431716919,
    "top_1_guess": 0.807668149471283,
    "top_3_guess": 0.8771863579750061,
    "top_1_reason": 0.33526989817619324,
    "top_3_reason": 0.43476444482803345
  },
  "Bert_sim@recall": {
    "ocr": 0.7352972030639648,
    "top_1_guess": 0.5235885381698608,
    "top_3_guess": 0.7037514448165894,
    "top_1_reason": 0.3629292845726013,
    "top_3_reason": 0.5224102735519409
  },
  "Bert_sim@f1": {
    "ocr": 0.693549394607544,
    "top_1_guess": 0.6353181600570679,
    "top_3_guess": 0.7809556722640991,
    "top_1_reason": 0.3485517203807831,
    "top_3_reason": 0.47457459568977356
  }
}