{
  "ori_ocr_text": "Masked Self Attention",
  "ocr": "Masked\" \"Self Attention",
  "result_list": [
    [
      "Masked Self-Attention",
      " seems to refer to the type of attention mechanism used in Transformer models"
    ],
    [
      "Self-Attention Masked",
      " alternative word order of the same concept"
    ],
    [
      "Decoder Attention",
      " related to the decoder part of a transformer where attention mechanisms are applied"
    ]
  ],
  "edit_dis": {
    "ocr": 2,
    "top_1_guess": 1,
    "top_3_guess": 1,
    "top_1_reason": 63,
    "top_3_reason": 33
  },
  "rouge_score@rouge1": {
    "ocr": 1.0,
    "top_1_guess": 1.0,
    "top_3_guess": 1.0,
    "top_1_reason": 0.125,
    "top_3_reason": 0.125
  },
  "rouge_score@rouge2": {
    "ocr": 1.0,
    "top_1_guess": 1.0,
    "top_3_guess": 1.0,
    "top_1_reason": 0.0,
    "top_3_reason": 0.0
  },
  "rouge_score@rougeL": {
    "ocr": 1.0,
    "top_1_guess": 1.0,
    "top_3_guess": 1.0,
    "top_1_reason": 0.125,
    "top_3_reason": 0.125
  },
  "rouge_score@rougeLsum": {
    "ocr": 1.0,
    "top_1_guess": 1.0,
    "top_3_guess": 1.0,
    "top_1_reason": 0.125,
    "top_3_reason": 0.125
  },
  "Bert_sim@precision": {
    "ocr": 0.6212881207466125,
    "top_1_guess": 0.7130242586135864,
    "top_3_guess": 0.7130242586135864,
    "top_1_reason": 0.35318684577941895,
    "top_3_reason": 0.38774561882019043
  },
  "Bert_sim@recall": {
    "ocr": 0.8083718419075012,
    "top_1_guess": 0.8206989169120789,
    "top_3_guess": 0.8206989169120789,
    "top_1_reason": 0.4250592887401581,
    "top_3_reason": 0.4614811837673187
  },
  "Bert_sim@f1": {
    "ocr": 0.702589213848114,
    "top_1_guess": 0.7630820274353027,
    "top_3_guess": 0.7630820274353027,
    "top_1_reason": 0.38580429553985596,
    "top_3_reason": 0.42141225934028625
  }
}