{
  "ori_ocr_text": "Probabilities",
  "ocr": "Probabilities",
  "result_list": [
    [
      "Output Probabilities",
      " context suggests final output from decoder is likely to be probabilities"
    ],
    [
      "Prediction Probabilities",
      " common output from a softmax layer in machine learning"
    ],
    [
      "Class Probabilities",
      " decoder might output probabilities for different classes"
    ]
  ],
  "edit_dis": {
    "ocr": 0,
    "top_1_guess": 7,
    "top_3_guess": 6,
    "top_1_reason": 61,
    "top_3_reason": 45
  },
  "Bert_sim": {
    "ocr": 1.0,
    "top_1_guess": 0.8812400102615356,
    "top_3_guess": 0.8812400102615356,
    "top_1_reason": 0.6012276411056519,
    "top_3_reason": 0.6277855634689331
  },
  "rouge_score@rouge1": {
    "ocr": 1.0,
    "top_1_guess": 0.6666666666666666,
    "top_3_guess": 0.6666666666666666,
    "top_1_reason": 0.16666666666666669,
    "top_3_reason": 0.25
  },
  "rouge_score@rouge2": {
    "ocr": 0.0,
    "top_1_guess": 0.0,
    "top_3_guess": 0.0,
    "top_1_reason": 0.0,
    "top_3_reason": 0.0
  },
  "rouge_score@rougeL": {
    "ocr": 1.0,
    "top_1_guess": 0.6666666666666666,
    "top_3_guess": 0.6666666666666666,
    "top_1_reason": 0.16666666666666669,
    "top_3_reason": 0.25
  },
  "rouge_score@rougeLsum": {
    "ocr": 1.0,
    "top_1_guess": 0.6666666666666666,
    "top_3_guess": 0.6666666666666666,
    "top_1_reason": 0.16666666666666669,
    "top_3_reason": 0.25
  }
}