{
  "ori_ocr_text": "Gradient SmoothGrad Gradient",
  "ocr": "Fanotoat Bcthomianeed",
  "result_list": [
    [
      "Recenter",
      " Display method label"
    ],
    [
      "Backprop",
      " Related to backpropagation"
    ],
    [
      "Benchmark",
      " General term for evaluation standard"
    ]
  ],
  "edit_dis": {
    "ocr": 22,
    "top_1_guess": 24,
    "top_3_guess": 23,
    "top_1_reason": 20,
    "top_3_reason": 20
  },
  "rouge_score@rouge1": {
    "ocr": 0.0,
    "top_1_guess": 0.0,
    "top_3_guess": 0.0,
    "top_1_reason": 0.0,
    "top_3_reason": 0.0
  },
  "rouge_score@rouge2": {
    "ocr": 0.0,
    "top_1_guess": 0.0,
    "top_3_guess": 0.0,
    "top_1_reason": 0.0,
    "top_3_reason": 0.0
  },
  "rouge_score@rougeL": {
    "ocr": 0.0,
    "top_1_guess": 0.0,
    "top_3_guess": 0.0,
    "top_1_reason": 0.0,
    "top_3_reason": 0.0
  },
  "rouge_score@rougeLsum": {
    "ocr": 0.0,
    "top_1_guess": 0.0,
    "top_3_guess": 0.0,
    "top_1_reason": 0.0,
    "top_3_reason": 0.0
  },
  "Bert_sim@precision": {
    "ocr": 0.377797394990921,
    "top_1_guess": 0.3914952874183655,
    "top_3_guess": 0.5134870409965515,
    "top_1_reason": 0.49911782145500183,
    "top_3_reason": 0.49911782145500183
  },
  "Bert_sim@recall": {
    "ocr": 0.44634270668029785,
    "top_1_guess": 0.4108961224555969,
    "top_3_guess": 0.5277472138404846,
    "top_1_reason": 0.4907585680484772,
    "top_3_reason": 0.4907585680484772
  },
  "Bert_sim@f1": {
    "ocr": 0.40921953320503235,
    "top_1_guess": 0.40096116065979004,
    "top_3_guess": 0.5125692486763,
    "top_1_reason": 0.49490290880203247,
    "top_3_reason": 0.49490290880203247
  }
}