{
  "ori_ocr_text": "parallel online augmentation (CPU)",
  "ocr": "error)\n3: (partially online sampling, related to the context of sampling in a network, possible",
  "result_list": [
    [
      "partial online augmentation",
      "relevance to parallel online augmentation in CPUs for network augmentation stage"
    ],
    [
      "partly online augmentation",
      "slight variation in phrasing, could be due to"
    ]
  ],
  "edit_dis": {
    "ocr": 73,
    "top_1_guess": 10,
    "top_3_guess": 10,
    "top_1_reason": 48,
    "top_3_reason": 37
  },
  "rouge_score@rouge1": {
    "ocr": 0.10526315789473685,
    "top_1_guess": 0.5714285714285715,
    "top_3_guess": 0.5714285714285715,
    "top_1_reason": 0.39999999999999997,
    "top_3_reason": 0.39999999999999997
  },
  "rouge_score@rouge2": {
    "ocr": 0.0,
    "top_1_guess": 0.4,
    "top_3_guess": 0.4,
    "top_1_reason": 0.30769230769230765,
    "top_3_reason": 0.30769230769230765
  },
  "rouge_score@rougeL": {
    "ocr": 0.10526315789473685,
    "top_1_guess": 0.5714285714285715,
    "top_3_guess": 0.5714285714285715,
    "top_1_reason": 0.39999999999999997,
    "top_3_reason": 0.39999999999999997
  },
  "rouge_score@rougeLsum": {
    "ocr": 0.10526315789473685,
    "top_1_guess": 0.5714285714285715,
    "top_3_guess": 0.5714285714285715,
    "top_1_reason": 0.39999999999999997,
    "top_3_reason": 0.39999999999999997
  },
  "Bert_sim@precision": {
    "ocr": 0.4168640375137329,
    "top_1_guess": 0.7391699552536011,
    "top_3_guess": 0.7391699552536011,
    "top_1_reason": 0.65694260597229,
    "top_3_reason": 0.65694260597229
  },
  "Bert_sim@recall": {
    "ocr": 0.46593981981277466,
    "top_1_guess": 0.5994249582290649,
    "top_3_guess": 0.5994249582290649,
    "top_1_reason": 0.7263817191123962,
    "top_3_reason": 0.7263817191123962
  },
  "Bert_sim@f1": {
    "ocr": 0.4400378465652466,
    "top_1_guess": 0.6620029807090759,
    "top_3_guess": 0.6620029807090759,
    "top_1_reason": 0.6899192929267883,
    "top_3_reason": 0.6899192929267883
  }
}