{
  "ori_ocr_text": "sample pools",
  "ocr": "setrlple tootj.",
  "result_list": [
    [
      "parallel online augmentation",
      "term aligns with system description and surrounding context),"
    ],
    [
      "graph augmentation",
      "related to visual representation of networks),"
    ],
    [
      "asynchronous augmentation",
      "associated with asynchronous operations mentioned)."
    ]
  ],
  "edit_dis": {
    "ocr": 8,
    "top_1_guess": 23,
    "top_3_guess": 16,
    "top_1_reason": 54,
    "top_3_reason": 39
  },
  "rouge_score@rouge1": {
    "ocr": 0.0,
    "top_1_guess": 0.0,
    "top_3_guess": 0.0,
    "top_1_reason": 0.0,
    "top_3_reason": 0.0
  },
  "rouge_score@rouge2": {
    "ocr": 0.0,
    "top_1_guess": 0.0,
    "top_3_guess": 0.0,
    "top_1_reason": 0.0,
    "top_3_reason": 0.0
  },
  "rouge_score@rougeL": {
    "ocr": 0.0,
    "top_1_guess": 0.0,
    "top_3_guess": 0.0,
    "top_1_reason": 0.0,
    "top_3_reason": 0.0
  },
  "rouge_score@rougeLsum": {
    "ocr": 0.0,
    "top_1_guess": 0.0,
    "top_3_guess": 0.0,
    "top_1_reason": 0.0,
    "top_3_reason": 0.0
  },
  "Bert_sim@precision": {
    "ocr": 0.3468575179576874,
    "top_1_guess": 0.4079135060310364,
    "top_3_guess": 0.4609071910381317,
    "top_1_reason": 0.35492366552352905,
    "top_3_reason": 0.35492366552352905
  },
  "Bert_sim@recall": {
    "ocr": 0.43524813652038574,
    "top_1_guess": 0.5050255656242371,
    "top_3_guess": 0.5337720513343811,
    "top_1_reason": 0.40581250190734863,
    "top_3_reason": 0.4115917980670929
  },
  "Bert_sim@f1": {
    "ocr": 0.3860580325126648,
    "top_1_guess": 0.45130449533462524,
    "top_3_guess": 0.4946708083152771,
    "top_1_reason": 0.3786660134792328,
    "top_3_reason": 0.3786660134792328
  }
}