{
  "ori_ocr_text": "parallel negative sampling (GPU)",
  "ocr": "partially freennciweonnmping.",
  "result_list": [
    [
      "partially connected component",
      "graph thematic context),"
    ],
    [
      "partial online augmentation",
      "aligns with augmentation explanation),"
    ],
    [
      "parallel connectivity augmentation",
      "considering technical jargon)."
    ]
  ],
  "edit_dis": {
    "ocr": 21,
    "top_1_guess": 23,
    "top_3_guess": 20,
    "top_1_reason": 24,
    "top_3_reason": 24
  },
  "rouge_score@rouge1": {
    "ocr": 0.0,
    "top_1_guess": 0.0,
    "top_3_guess": 0.28571428571428575,
    "top_1_reason": 0.0,
    "top_3_reason": 0.0
  },
  "rouge_score@rouge2": {
    "ocr": 0.0,
    "top_1_guess": 0.0,
    "top_3_guess": 0.0,
    "top_1_reason": 0.0,
    "top_3_reason": 0.0
  },
  "rouge_score@rougeL": {
    "ocr": 0.0,
    "top_1_guess": 0.0,
    "top_3_guess": 0.28571428571428575,
    "top_1_reason": 0.0,
    "top_3_reason": 0.0
  },
  "rouge_score@rougeLsum": {
    "ocr": 0.0,
    "top_1_guess": 0.0,
    "top_3_guess": 0.28571428571428575,
    "top_1_reason": 0.0,
    "top_3_reason": 0.0
  },
  "Bert_sim@precision": {
    "ocr": 0.37195342779159546,
    "top_1_guess": 0.5356241464614868,
    "top_3_guess": 0.5356241464614868,
    "top_1_reason": 0.4384341835975647,
    "top_3_reason": 0.4384341835975647
  },
  "Bert_sim@recall": {
    "ocr": 0.44901469349861145,
    "top_1_guess": 0.44004613161087036,
    "top_3_guess": 0.506140410900116,
    "top_1_reason": 0.4017677903175354,
    "top_3_reason": 0.41191476583480835
  },
  "Bert_sim@f1": {
    "ocr": 0.4068673253059387,
    "top_1_guess": 0.48315367102622986,
    "top_3_guess": 0.5155237317085266,
    "top_1_reason": 0.41930091381073,
    "top_3_reason": 0.41930091381073
  }
}