{
  "ori_ocr_text": "Fusion",
  "ocr": "Antlum",
  "result_list": [
    [
      "feature maps",
      " commonly found in neural network architecture diagrams"
    ],
    [
      "activation maps",
      " also commonly found in neural network architecture diagrams"
    ],
    [
      "convolution kernels",
      " could be relevant if the architecture employs convolutional layers"
    ]
  ],
  "edit_dis": {
    "ocr": 6,
    "top_1_guess": 11,
    "top_3_guess": 11,
    "top_1_reason": 52,
    "top_3_reason": 52
  },
  "rouge_score@rouge1": {
    "ocr": 0.0,
    "top_1_guess": 0.0,
    "top_3_guess": 0.0,
    "top_1_reason": 0.0,
    "top_3_reason": 0.0
  },
  "rouge_score@rouge2": {
    "ocr": 0.0,
    "top_1_guess": 0.0,
    "top_3_guess": 0.0,
    "top_1_reason": 0.0,
    "top_3_reason": 0.0
  },
  "rouge_score@rougeL": {
    "ocr": 0.0,
    "top_1_guess": 0.0,
    "top_3_guess": 0.0,
    "top_1_reason": 0.0,
    "top_3_reason": 0.0
  },
  "rouge_score@rougeLsum": {
    "ocr": 0.0,
    "top_1_guess": 0.0,
    "top_3_guess": 0.0,
    "top_1_reason": 0.0,
    "top_3_reason": 0.0
  },
  "Bert_sim@precision": {
    "ocr": 0.37058424949645996,
    "top_1_guess": 0.3885377049446106,
    "top_3_guess": 0.5230877995491028,
    "top_1_reason": 0.29833513498306274,
    "top_3_reason": 0.3056104779243469
  },
  "Bert_sim@recall": {
    "ocr": 0.48998433351516724,
    "top_1_guess": 0.5190168023109436,
    "top_3_guess": 0.6678509712219238,
    "top_1_reason": 0.5785384774208069,
    "top_3_reason": 0.71726393699646
  },
  "Bert_sim@f1": {
    "ocr": 0.4220011830329895,
    "top_1_guess": 0.4443977475166321,
    "top_3_guess": 0.5866711735725403,
    "top_1_reason": 0.3936675786972046,
    "top_3_reason": 0.4286027252674103
  }
}