{
  "ori_ocr_text": "Output motion mask",
  "ocr": "<ouqst anothrat.23",
  "result_list": [
    [
      "output neurons",
      " the logical progression in the network architecture indicates output"
    ],
    [
      "final predictions",
      " often the endpoint in a network architecture indicates the final output/predictions"
    ],
    [
      "classification results",
      " context implies these results come from the processing steps of the network"
    ]
  ],
  "edit_dis": {
    "ocr": 15,
    "top_1_guess": 9,
    "top_3_guess": 9,
    "top_1_reason": 61,
    "top_3_reason": 61
  },
  "rouge_score@rouge1": {
    "ocr": 0.0,
    "top_1_guess": 0.4,
    "top_3_guess": 0.4,
    "top_1_reason": 0.16666666666666666,
    "top_3_reason": 0.16666666666666666
  },
  "rouge_score@rouge2": {
    "ocr": 0.0,
    "top_1_guess": 0.0,
    "top_3_guess": 0.0,
    "top_1_reason": 0.0,
    "top_3_reason": 0.0
  },
  "rouge_score@rougeL": {
    "ocr": 0.0,
    "top_1_guess": 0.4,
    "top_3_guess": 0.4,
    "top_1_reason": 0.16666666666666666,
    "top_3_reason": 0.16666666666666666
  },
  "rouge_score@rougeLsum": {
    "ocr": 0.0,
    "top_1_guess": 0.4,
    "top_3_guess": 0.4,
    "top_1_reason": 0.16666666666666666,
    "top_3_reason": 0.16666666666666666
  },
  "Bert_sim@precision": {
    "ocr": 0.3339177370071411,
    "top_1_guess": 0.7567195892333984,
    "top_3_guess": 0.7567195892333984,
    "top_1_reason": 0.4084635078907013,
    "top_3_reason": 0.4084635078907013
  },
  "Bert_sim@recall": {
    "ocr": 0.38773977756500244,
    "top_1_guess": 0.6415640711784363,
    "top_3_guess": 0.6415640711784363,
    "top_1_reason": 0.514228105545044,
    "top_3_reason": 0.5205546021461487
  },
  "Bert_sim@f1": {
    "ocr": 0.35882171988487244,
    "top_1_guess": 0.6943999528884888,
    "top_3_guess": 0.6943999528884888,
    "top_1_reason": 0.45528411865234375,
    "top_3_reason": 0.45528411865234375
  }
}