{
  "ori_ocr_text": "rgbFlow processing",
  "ocr": "fa@flow 200c@ssins",
  "result_list": [
    [
      "Dataflow",
      " context implies a movement or process of data"
    ],
    [
      "Control flow",
      " possibility of being related to the management of operations within the network"
    ],
    [
      "Signal flow",
      " could refer to the propagation of signals or information within the architecture"
    ]
  ],
  "edit_dis": {
    "ocr": 9,
    "top_1_guess": 16,
    "top_3_guess": 15,
    "top_1_reason": 36,
    "top_3_reason": 36
  },
  "rouge_score@rouge1": {
    "ocr": 0.0,
    "top_1_guess": 0.0,
    "top_3_guess": 0.0,
    "top_1_reason": 0.0,
    "top_3_reason": 0.0
  },
  "rouge_score@rouge2": {
    "ocr": 0.0,
    "top_1_guess": 0.0,
    "top_3_guess": 0.0,
    "top_1_reason": 0.0,
    "top_3_reason": 0.0
  },
  "rouge_score@rougeL": {
    "ocr": 0.0,
    "top_1_guess": 0.0,
    "top_3_guess": 0.0,
    "top_1_reason": 0.0,
    "top_3_reason": 0.0
  },
  "rouge_score@rougeLsum": {
    "ocr": 0.0,
    "top_1_guess": 0.0,
    "top_3_guess": 0.0,
    "top_1_reason": 0.0,
    "top_3_reason": 0.0
  },
  "Bert_sim@precision": {
    "ocr": 0.4240475296974182,
    "top_1_guess": 0.6561762094497681,
    "top_3_guess": 0.6585389375686646,
    "top_1_reason": 0.352832555770874,
    "top_3_reason": 0.352832555770874
  },
  "Bert_sim@recall": {
    "ocr": 0.4726911783218384,
    "top_1_guess": 0.5471189022064209,
    "top_3_guess": 0.5471189022064209,
    "top_1_reason": 0.39020323753356934,
    "top_3_reason": 0.39020323753356934
  },
  "Bert_sim@f1": {
    "ocr": 0.447050005197525,
    "top_1_guess": 0.5967054963111877,
    "top_3_guess": 0.5967054963111877,
    "top_1_reason": 0.3705781102180481,
    "top_3_reason": 0.3705781102180481
  }
}