{
  "ori_ocr_text": "Blaze MapReduce",
  "ocr": "Blaze MapReduce.",
  "result_list": [
    [
      "Local cache",
      " Reduction happens on the same machine before shuffling"
    ],
    [
      "Thread-local cache",
      " New values are stored in cache accessible to a thread, not the entire machine"
    ],
    [
      "Reduction optimization",
      " Reduction step is optimized in Blaze MapReduce scheme"
    ]
  ],
  "edit_dis": {
    "ocr": 1,
    "top_1_guess": 12,
    "top_3_guess": 12,
    "top_1_reason": 49,
    "top_3_reason": 39
  },
  "rouge_score@rouge1": {
    "ocr": 1.0,
    "top_1_guess": 0.0,
    "top_3_guess": 0.0,
    "top_1_reason": 0.0,
    "top_3_reason": 0.4
  },
  "rouge_score@rouge2": {
    "ocr": 1.0,
    "top_1_guess": 0.0,
    "top_3_guess": 0.0,
    "top_1_reason": 0.0,
    "top_3_reason": 0.25
  },
  "rouge_score@rougeL": {
    "ocr": 1.0,
    "top_1_guess": 0.0,
    "top_3_guess": 0.0,
    "top_1_reason": 0.0,
    "top_3_reason": 0.4
  },
  "rouge_score@rougeLsum": {
    "ocr": 1.0,
    "top_1_guess": 0.0,
    "top_3_guess": 0.0,
    "top_1_reason": 0.0,
    "top_3_reason": 0.4
  },
  "Bert_sim@precision": {
    "ocr": 0.8336044549942017,
    "top_1_guess": 0.5136614441871643,
    "top_3_guess": 0.5136614441871643,
    "top_1_reason": 0.364973783493042,
    "top_3_reason": 0.5054067969322205
  },
  "Bert_sim@recall": {
    "ocr": 0.8795757293701172,
    "top_1_guess": 0.44014522433280945,
    "top_3_guess": 0.44014522433280945,
    "top_1_reason": 0.4241538941860199,
    "top_3_reason": 0.7282034158706665
  },
  "Bert_sim@f1": {
    "ocr": 0.8559733033180237,
    "top_1_guess": 0.47407016158103943,
    "top_3_guess": 0.47407016158103943,
    "top_1_reason": 0.39234474301338196,
    "top_3_reason": 0.5966860055923462
  }
}