{
  "ori_ocr_text": "thread cache",
  "ocr": "S1read cache.",
  "result_list": [
    [
      "thread cache",
      " term is similar to \"thread-local cache\" mentioned in the text"
    ],
    [
      "shred cache",
      " possible misspelling in OCR recognition"
    ],
    [
      "spread cache",
      " potential confusion due to OCR error"
    ]
  ],
  "edit_dis": {
    "ocr": 3,
    "top_1_guess": 0,
    "top_3_guess": 0,
    "top_1_reason": 50,
    "top_3_reason": 32
  },
  "rouge_score@rouge1": {
    "ocr": 0.5,
    "top_1_guess": 1.0,
    "top_3_guess": 1.0,
    "top_1_reason": 0.3076923076923077,
    "top_3_reason": 0.3076923076923077
  },
  "rouge_score@rouge2": {
    "ocr": 0.0,
    "top_1_guess": 1.0,
    "top_3_guess": 1.0,
    "top_1_reason": 0.0,
    "top_3_reason": 0.0
  },
  "rouge_score@rougeL": {
    "ocr": 0.5,
    "top_1_guess": 1.0,
    "top_3_guess": 1.0,
    "top_1_reason": 0.3076923076923077,
    "top_3_reason": 0.3076923076923077
  },
  "rouge_score@rougeLsum": {
    "ocr": 0.5,
    "top_1_guess": 1.0,
    "top_3_guess": 1.0,
    "top_1_reason": 0.3076923076923077,
    "top_3_reason": 0.3076923076923077
  },
  "Bert_sim@precision": {
    "ocr": 0.453708291053772,
    "top_1_guess": 1.0,
    "top_3_guess": 1.0,
    "top_1_reason": 0.39513063430786133,
    "top_3_reason": 0.39513063430786133
  },
  "Bert_sim@recall": {
    "ocr": 0.5793229341506958,
    "top_1_guess": 1.0,
    "top_3_guess": 1.0,
    "top_1_reason": 0.6960482597351074,
    "top_3_reason": 0.6960482597351074
  },
  "Bert_sim@f1": {
    "ocr": 0.5088783502578735,
    "top_1_guess": 1.0,
    "top_3_guess": 1.0,
    "top_1_reason": 0.5040969848632812,
    "top_3_reason": 0.5040969848632812
  }
}