{
  "ori_ocr_text": "Reduce",
  "ocr": "Siread cache.",
  "result_list": [
    [
      "Thread cache",
      " The red circle likely aims to represent a local cache for thread-level operations in the context of Blaze MapReduce"
    ],
    [
      "Local Reduce",
      " The diagram shows the reduce phase happening earlier in the process, which suggests that \"Reduce\" refers to a local reduce operation specific to Blaze MapReduce"
    ],
    [
      "Reduce Operation",
      " The term \"Reduce\" in MapReduce typically refers to the reduce operation; in Blaze MapReduce, this happens locally after mapping as part of eager reduction"
    ]
  ],
  "edit_dis": {
    "ocr": 9,
    "top_1_guess": 8,
    "top_3_guess": 6,
    "top_1_reason": 110,
    "top_3_reason": 110
  },
  "rouge_score@rouge1": {
    "ocr": 0.0,
    "top_1_guess": 0.0,
    "top_3_guess": 0.6666666666666666,
    "top_1_reason": 0.0,
    "top_3_reason": 0.07999999999999999
  },
  "rouge_score@rouge2": {
    "ocr": 0.0,
    "top_1_guess": 0.0,
    "top_3_guess": 0.0,
    "top_1_reason": 0.0,
    "top_3_reason": 0.0
  },
  "rouge_score@rougeL": {
    "ocr": 0.0,
    "top_1_guess": 0.0,
    "top_3_guess": 0.6666666666666666,
    "top_1_reason": 0.0,
    "top_3_reason": 0.07999999999999999
  },
  "rouge_score@rougeLsum": {
    "ocr": 0.0,
    "top_1_guess": 0.0,
    "top_3_guess": 0.6666666666666666,
    "top_1_reason": 0.0,
    "top_3_reason": 0.07999999999999999
  },
  "Bert_sim@precision": {
    "ocr": 0.3890455365180969,
    "top_1_guess": 0.47618693113327026,
    "top_3_guess": 0.6454182267189026,
    "top_1_reason": 0.268766850233078,
    "top_3_reason": 0.2853502035140991
  },
  "Bert_sim@recall": {
    "ocr": 0.5460485219955444,
    "top_1_guess": 0.6553643345832825,
    "top_3_guess": 0.8171963691711426,
    "top_1_reason": 0.5287481546401978,
    "top_3_reason": 0.7155764698982239
  },
  "Bert_sim@f1": {
    "ocr": 0.4543665647506714,
    "top_1_guess": 0.5515895485877991,
    "top_3_guess": 0.7212200164794922,
    "top_1_reason": 0.35638192296028137,
    "top_3_reason": 0.3801163136959076
  }
}