{
  "ori_ocr_text": "Reduce",
  "ocr": "Shuffie",
  "result_list": [
    [
      "Reduce",
      " this is a diagram comparing original MapReduce with Blaze MapReduce and highlights the 'Reduce' step common to both"
    ],
    [
      "Local Reduce",
      " the context implies that the reduction happens locally within the machine before shuffling"
    ],
    [
      "Thread-local cache",
      " the text mentions that new values are reduced to a thread-local cache, which could be related to the reduce function in the context of the diagram"
    ]
  ],
  "edit_dis": {
    "ocr": 6,
    "top_1_guess": 0,
    "top_3_guess": 0,
    "top_1_reason": 110,
    "top_3_reason": 86
  },
  "rouge_score@rouge1": {
    "ocr": 0.0,
    "top_1_guess": 1.0,
    "top_3_guess": 1.0,
    "top_1_reason": 0.10526315789473684,
    "top_3_reason": 0.10526315789473684
  },
  "rouge_score@rouge2": {
    "ocr": 0.0,
    "top_1_guess": 0.0,
    "top_3_guess": 0.0,
    "top_1_reason": 0.0,
    "top_3_reason": 0.0
  },
  "rouge_score@rougeL": {
    "ocr": 0.0,
    "top_1_guess": 1.0,
    "top_3_guess": 1.0,
    "top_1_reason": 0.10526315789473684,
    "top_3_reason": 0.10526315789473684
  },
  "rouge_score@rougeLsum": {
    "ocr": 0.0,
    "top_1_guess": 1.0,
    "top_3_guess": 1.0,
    "top_1_reason": 0.10526315789473684,
    "top_3_reason": 0.10526315789473684
  },
  "Bert_sim@precision": {
    "ocr": 0.43771541118621826,
    "top_1_guess": 1.0000001192092896,
    "top_3_guess": 1.0000001192092896,
    "top_1_reason": 0.27839893102645874,
    "top_3_reason": 0.33233708143234253
  },
  "Bert_sim@recall": {
    "ocr": 0.5971782207489014,
    "top_1_guess": 1.0000001192092896,
    "top_3_guess": 1.0000001192092896,
    "top_1_reason": 0.52060467004776,
    "top_3_reason": 0.6170560121536255
  },
  "Bert_sim@f1": {
    "ocr": 0.5051612854003906,
    "top_1_guess": 1.0000001192092896,
    "top_3_guess": 1.0000001192092896,
    "top_1_reason": 0.3627913296222687,
    "top_3_reason": 0.43200355768203735
  }
}