{
  "ori_ocr_text": "Shuffle",
  "ocr": "Shuffle",
  "result_list": [
    [
      "Shuffle",
      " It is a step in MapReduce where data is redistributed"
    ],
    [
      "Thread cache",
      " It refers to local storage of data for threading purposes"
    ],
    [
      "Stream cache",
      " Possible misspelling or alternate term for thread-local caching in MapReduce context"
    ]
  ],
  "edit_dis": {
    "ocr": 0,
    "top_1_guess": 0,
    "top_3_guess": 0,
    "top_1_reason": 52,
    "top_3_reason": 52
  },
  "rouge_score@rouge1": {
    "ocr": 1.0,
    "top_1_guess": 1.0,
    "top_3_guess": 1.0,
    "top_1_reason": 0.0,
    "top_3_reason": 0.0
  },
  "rouge_score@rouge2": {
    "ocr": 0.0,
    "top_1_guess": 0.0,
    "top_3_guess": 0.0,
    "top_1_reason": 0.0,
    "top_3_reason": 0.0
  },
  "rouge_score@rougeL": {
    "ocr": 1.0,
    "top_1_guess": 1.0,
    "top_3_guess": 1.0,
    "top_1_reason": 0.0,
    "top_3_reason": 0.0
  },
  "rouge_score@rougeLsum": {
    "ocr": 1.0,
    "top_1_guess": 1.0,
    "top_3_guess": 1.0,
    "top_1_reason": 0.0,
    "top_3_reason": 0.0
  },
  "Bert_sim@precision": {
    "ocr": 0.9999999403953552,
    "top_1_guess": 0.9999999403953552,
    "top_3_guess": 0.9999999403953552,
    "top_1_reason": 0.23867863416671753,
    "top_3_reason": 0.2607625126838684
  },
  "Bert_sim@recall": {
    "ocr": 0.9999999403953552,
    "top_1_guess": 0.9999999403953552,
    "top_3_guess": 0.9999999403953552,
    "top_1_reason": 0.4913845658302307,
    "top_3_reason": 0.4913845658302307
  },
  "Bert_sim@f1": {
    "ocr": 0.9999999403953552,
    "top_1_guess": 0.9999999403953552,
    "top_3_guess": 0.9999999403953552,
    "top_1_reason": 0.32129546999931335,
    "top_3_reason": 0.32129546999931335
  }
}