{
  "ori_ocr_text": "Probabilities",
  "ocr": "Riponpifies.",
  "result_list": [
    [
      "Output",
      " is often the final component in a diagram depicting data flow"
    ],
    [
      "Results",
      " generally used to denote the outcomes or conclusions of a process"
    ],
    [
      "Predictions",
      " commonly used when the model outputs are based on inference from input data"
    ]
  ],
  "edit_dis": {
    "ocr": 10,
    "top_1_guess": 12,
    "top_3_guess": 8,
    "top_1_reason": 56,
    "top_3_reason": 56
  },
  "rouge_score@rouge1": {
    "ocr": 0.0,
    "top_1_guess": 0.0,
    "top_3_guess": 0.0,
    "top_1_reason": 0.0,
    "top_3_reason": 0.0
  },
  "rouge_score@rouge2": {
    "ocr": 0.0,
    "top_1_guess": 0.0,
    "top_3_guess": 0.0,
    "top_1_reason": 0.0,
    "top_3_reason": 0.0
  },
  "rouge_score@rougeL": {
    "ocr": 0.0,
    "top_1_guess": 0.0,
    "top_3_guess": 0.0,
    "top_1_reason": 0.0,
    "top_3_reason": 0.0
  },
  "rouge_score@rougeLsum": {
    "ocr": 0.0,
    "top_1_guess": 0.0,
    "top_3_guess": 0.0,
    "top_1_reason": 0.0,
    "top_3_reason": 0.0
  },
  "Bert_sim@precision": {
    "ocr": 0.4390294551849365,
    "top_1_guess": 0.5107777714729309,
    "top_3_guess": 0.5501935482025146,
    "top_1_reason": 0.32864218950271606,
    "top_3_reason": 0.362636536359787
  },
  "Bert_sim@recall": {
    "ocr": 0.4371541738510132,
    "top_1_guess": 0.3450525104999542,
    "top_3_guess": 0.3507852256298065,
    "top_1_reason": 0.3853663206100464,
    "top_3_reason": 0.3941836953163147
  },
  "Bert_sim@f1": {
    "ocr": 0.4380898177623749,
    "top_1_guess": 0.4118693768978119,
    "top_3_guess": 0.4284224212169647,
    "top_1_reason": 0.3547510504722595,
    "top_3_reason": 0.3777526319026947
  }
}