{
  "ori_ocr_text": "similarity",
  "ocr": "Mexiinte the similarity",
  "result_list": [
    [
      "maximize the similarity",
      " the context refers to maximizing similarity between Zt and z to transfer information from the full video to the observed feature vector"
    ],
    [
      "feature summarization",
      " the diagram shows a summarizing network component which is related to the feature summarization process as described in the paper"
    ],
    [
      "transfer information",
      " the surrounding text and the paper's goal is to transfer information from the full video to the observed feature vector to predict future video segments"
    ]
  ],
  "edit_dis": {
    "ocr": 13,
    "top_1_guess": 13,
    "top_3_guess": 13,
    "top_1_reason": 126,
    "top_3_reason": 121
  },
  "rouge_score@rouge1": {
    "ocr": 0.5,
    "top_1_guess": 0.5,
    "top_3_guess": 0.5,
    "top_1_reason": 0.08695652173913045,
    "top_3_reason": 0.08695652173913045
  },
  "rouge_score@rouge2": {
    "ocr": 0.0,
    "top_1_guess": 0.0,
    "top_3_guess": 0.0,
    "top_1_reason": 0.0,
    "top_3_reason": 0.0
  },
  "rouge_score@rougeL": {
    "ocr": 0.5,
    "top_1_guess": 0.5,
    "top_3_guess": 0.5,
    "top_1_reason": 0.08695652173913045,
    "top_3_reason": 0.08695652173913045
  },
  "rouge_score@rougeLsum": {
    "ocr": 0.5,
    "top_1_guess": 0.5,
    "top_3_guess": 0.5,
    "top_1_reason": 0.08695652173913045,
    "top_3_reason": 0.08695652173913045
  },
  "Bert_sim@precision": {
    "ocr": 0.3533746004104614,
    "top_1_guess": 0.47242358326911926,
    "top_3_guess": 0.47242358326911926,
    "top_1_reason": 0.28768396377563477,
    "top_3_reason": 0.28768396377563477
  },
  "Bert_sim@recall": {
    "ocr": 0.7500122785568237,
    "top_1_guess": 0.775907576084137,
    "top_3_guess": 0.775907576084137,
    "top_1_reason": 0.6328812837600708,
    "top_3_reason": 0.6328812837600708
  },
  "Bert_sim@f1": {
    "ocr": 0.48040321469306946,
    "top_1_guess": 0.5872752666473389,
    "top_3_guess": 0.5872752666473389,
    "top_1_reason": 0.3955608606338501,
    "top_3_reason": 0.3955608606338501
  }
}