{
  "ori_ocr_text": "Cumulative Probabilities 1.0 0.8 0.6 0.4 0.2",
  "ocr": "cumulative probabilituy",
  "result_list": [
    [
      "cumulative probability",
      " it's a common label for the y-axis in a cumulative distribution function graph"
    ],
    [
      "classification probability",
      " based on context this could be a misinterpretation of the y-axis related to classification errors"
    ],
    [
      "accuracy probability",
      " another possible label for the y-axis, which might be used in the context of accuracy measurements"
    ]
  ],
  "edit_dis": {
    "ocr": 25,
    "top_1_guess": 25,
    "top_3_guess": 25,
    "top_1_reason": 66,
    "top_3_reason": 66
  },
  "rouge_score@rouge1": {
    "ocr": 0.14285714285714285,
    "top_1_guess": 0.14285714285714285,
    "top_3_guess": 0.14285714285714285,
    "top_1_reason": 0.07407407407407407,
    "top_3_reason": 0.07407407407407407
  },
  "rouge_score@rouge2": {
    "ocr": 0.0,
    "top_1_guess": 0.0,
    "top_3_guess": 0.0,
    "top_1_reason": 0.0,
    "top_3_reason": 0.0
  },
  "rouge_score@rougeL": {
    "ocr": 0.14285714285714285,
    "top_1_guess": 0.14285714285714285,
    "top_3_guess": 0.14285714285714285,
    "top_1_reason": 0.07407407407407407,
    "top_3_reason": 0.07407407407407407
  },
  "rouge_score@rougeLsum": {
    "ocr": 0.14285714285714285,
    "top_1_guess": 0.14285714285714285,
    "top_3_guess": 0.14285714285714285,
    "top_1_reason": 0.07407407407407407,
    "top_3_reason": 0.07407407407407407
  },
  "Bert_sim@precision": {
    "ocr": 0.59163898229599,
    "top_1_guess": 0.6903340816497803,
    "top_3_guess": 0.6903340816497803,
    "top_1_reason": 0.38692507147789,
    "top_3_reason": 0.38774630427360535
  },
  "Bert_sim@recall": {
    "ocr": 0.3333253562450409,
    "top_1_guess": 0.31087982654571533,
    "top_3_guess": 0.31087982654571533,
    "top_1_reason": 0.3228455185890198,
    "top_3_reason": 0.3228455185890198
  },
  "Bert_sim@f1": {
    "ocr": 0.4264127016067505,
    "top_1_guess": 0.4287014603614807,
    "top_3_guess": 0.4287014603614807,
    "top_1_reason": 0.3519926965236664,
    "top_3_reason": 0.3519926965236664
  }
}