{
  "ori_ocr_text": "CompOFA-Proxyless ofa-Proxyless",
  "ocr": "OFA-Proxyless",
  "result_list": [
    [
      "OFA-MobileNetV3",
      " likely related to the base architecture change mentioned in the caption"
    ],
    [
      "OFA-ProxylessNAS",
      " inclusion of ProxylessNAS in both captions and text suggests this might be the other curve"
    ],
    [
      "CompOFA-MobileNetV3",
      " given the pattern of naming and considering the context of CompOFA mentioned in the caption"
    ]
  ],
  "edit_dis": {
    "ocr": 18,
    "top_1_guess": 24,
    "top_3_guess": 18,
    "top_1_reason": 65,
    "top_3_reason": 65
  },
  "rouge_score@rouge1": {
    "ocr": 0.6666666666666666,
    "top_1_guess": 0.3333333333333333,
    "top_3_guess": 0.3333333333333333,
    "top_1_reason": 0.0,
    "top_3_reason": 0.10526315789473685
  },
  "rouge_score@rouge2": {
    "ocr": 0.5,
    "top_1_guess": 0.0,
    "top_3_guess": 0.0,
    "top_1_reason": 0.0,
    "top_3_reason": 0.0
  },
  "rouge_score@rougeL": {
    "ocr": 0.6666666666666666,
    "top_1_guess": 0.3333333333333333,
    "top_3_guess": 0.3333333333333333,
    "top_1_reason": 0.0,
    "top_3_reason": 0.10526315789473685
  },
  "rouge_score@rougeLsum": {
    "ocr": 0.6666666666666666,
    "top_1_guess": 0.3333333333333333,
    "top_3_guess": 0.3333333333333333,
    "top_1_reason": 0.0,
    "top_3_reason": 0.10526315789473685
  },
  "Bert_sim@precision": {
    "ocr": 0.9037973880767822,
    "top_1_guess": 0.6070874929428101,
    "top_3_guess": 0.7641482949256897,
    "top_1_reason": 0.3291280269622803,
    "top_3_reason": 0.41823863983154297
  },
  "Bert_sim@recall": {
    "ocr": 0.7857425212860107,
    "top_1_guess": 0.5942860841751099,
    "top_3_guess": 0.7045156359672546,
    "top_1_reason": 0.36093348264694214,
    "top_3_reason": 0.5324090719223022
  },
  "Bert_sim@f1": {
    "ocr": 0.8406454920768738,
    "top_1_guess": 0.6006185412406921,
    "top_3_guess": 0.7331212759017944,
    "top_1_reason": 0.3442977964878082,
    "top_3_reason": 0.4644137918949127
  }
}