{
  "ori_ocr_text": "24 Classif. 26 Error (%) 100",
  "ocr": "Classif. Error (%)",
  "result_list": [
    [
      "Classification Error (%)",
      " It is common to label axes with the type of metric they represent"
    ],
    [
      "Top-1 Error (%)",
      " The context of the paper indicates the analysis focuses on top-1 accuracy error rates"
    ],
    [
      "Accuracy Loss (%)",
      " Error could be synonymous with loss in accuracy in this context"
    ]
  ],
  "edit_dis": {
    "ocr": 10,
    "top_1_guess": 14,
    "top_3_guess": 14,
    "top_1_reason": 55,
    "top_3_reason": 54
  },
  "rouge_score@rouge1": {
    "ocr": 0.5714285714285715,
    "top_1_guess": 0.28571428571428575,
    "top_3_guess": 0.28571428571428575,
    "top_1_reason": 0.0,
    "top_3_reason": 0.12500000000000003
  },
  "rouge_score@rouge2": {
    "ocr": 0.0,
    "top_1_guess": 0.0,
    "top_3_guess": 0.0,
    "top_1_reason": 0.0,
    "top_3_reason": 0.0
  },
  "rouge_score@rougeL": {
    "ocr": 0.5714285714285715,
    "top_1_guess": 0.28571428571428575,
    "top_3_guess": 0.28571428571428575,
    "top_1_reason": 0.0,
    "top_3_reason": 0.12500000000000003
  },
  "rouge_score@rougeLsum": {
    "ocr": 0.5714285714285715,
    "top_1_guess": 0.28571428571428575,
    "top_3_guess": 0.28571428571428575,
    "top_1_reason": 0.0,
    "top_3_reason": 0.12500000000000003
  },
  "Bert_sim@precision": {
    "ocr": 0.8187313079833984,
    "top_1_guess": 0.7394052743911743,
    "top_3_guess": 0.7394052743911743,
    "top_1_reason": 0.2672118842601776,
    "top_3_reason": 0.401199072599411
  },
  "Bert_sim@recall": {
    "ocr": 0.709287166595459,
    "top_1_guess": 0.5767074823379517,
    "top_3_guess": 0.5957295894622803,
    "top_1_reason": 0.2976483106613159,
    "top_3_reason": 0.4330432415008545
  },
  "Bert_sim@f1": {
    "ocr": 0.7600897550582886,
    "top_1_guess": 0.6480000019073486,
    "top_3_guess": 0.6480000019073486,
    "top_1_reason": 0.28161007165908813,
    "top_3_reason": 0.4142620861530304
  }
}