{
  "ori_ocr_text": "Gradient SmoothGrad Gradient",
  "ocr": "Gradunt Smoothhcad",
  "result_list": [
    [
      "Gradient SmoothGrad",
      " it is a combination of Gradient and SmoothGrad methods likely discussed in the text"
    ],
    [
      "Grad SmoothGrad",
      " a potential shorthand for Gradient SmoothGrad within the paper"
    ],
    [
      "Gradient\u2299SmoothGrad",
      " combining the symbols for element-wise multiplication and SmoothGrad as in the text"
    ]
  ],
  "edit_dis": {
    "ocr": 13,
    "top_1_guess": 9,
    "top_3_guess": 9,
    "top_1_reason": 59,
    "top_3_reason": 41
  },
  "rouge_score@rouge1": {
    "ocr": 0.0,
    "top_1_guess": 0.8,
    "top_3_guess": 0.8,
    "top_1_reason": 0.23529411764705882,
    "top_3_reason": 0.3333333333333333
  },
  "rouge_score@rouge2": {
    "ocr": 0.0,
    "top_1_guess": 0.6666666666666666,
    "top_3_guess": 0.6666666666666666,
    "top_1_reason": 0.0,
    "top_3_reason": 0.2
  },
  "rouge_score@rougeL": {
    "ocr": 0.0,
    "top_1_guess": 0.8,
    "top_3_guess": 0.8,
    "top_1_reason": 0.23529411764705882,
    "top_3_reason": 0.3333333333333333
  },
  "rouge_score@rougeLsum": {
    "ocr": 0.0,
    "top_1_guess": 0.8,
    "top_3_guess": 0.8,
    "top_1_reason": 0.23529411764705882,
    "top_3_reason": 0.3333333333333333
  },
  "Bert_sim@precision": {
    "ocr": 0.4454100728034973,
    "top_1_guess": 0.7105904817581177,
    "top_3_guess": 0.7105904817581177,
    "top_1_reason": 0.4244038164615631,
    "top_3_reason": 0.467631459236145
  },
  "Bert_sim@recall": {
    "ocr": 0.5207180380821228,
    "top_1_guess": 0.7090901136398315,
    "top_3_guess": 0.7090901136398315,
    "top_1_reason": 0.7224157452583313,
    "top_3_reason": 0.7240216732025146
  },
  "Bert_sim@f1": {
    "ocr": 0.4801290035247803,
    "top_1_guess": 0.7098395228385925,
    "top_3_guess": 0.7098395228385925,
    "top_1_reason": 0.53468918800354,
    "top_3_reason": 0.5682447552680969
  }
}