{
  "ori_ocr_text": "GBP",
  "ocr": "Grablont Smootbbcad 13",
  "result_list": [
    [
      "Gradient \u2a00 Input",
      " mentioned in text as an explanation method"
    ],
    [
      "Integrated Gradients",
      " mentioned in text as IG"
    ],
    [
      "Guided Backpropagation",
      " mentioned in text as GBP and aligns with the acronym in the circle"
    ]
  ],
  "edit_dis": {
    "ocr": 21,
    "top_1_guess": 15,
    "top_3_guess": 15,
    "top_1_reason": 43,
    "top_3_reason": 24
  },
  "rouge_score@rouge1": {
    "ocr": 0.0,
    "top_1_guess": 0.0,
    "top_3_guess": 0.0,
    "top_1_reason": 0.0,
    "top_3_reason": 0.14285714285714288
  },
  "rouge_score@rouge2": {
    "ocr": 0.0,
    "top_1_guess": 0.0,
    "top_3_guess": 0.0,
    "top_1_reason": 0.0,
    "top_3_reason": 0.0
  },
  "rouge_score@rougeL": {
    "ocr": 0.0,
    "top_1_guess": 0.0,
    "top_3_guess": 0.0,
    "top_1_reason": 0.0,
    "top_3_reason": 0.14285714285714288
  },
  "rouge_score@rougeLsum": {
    "ocr": 0.0,
    "top_1_guess": 0.0,
    "top_3_guess": 0.0,
    "top_1_reason": 0.0,
    "top_3_reason": 0.14285714285714288
  },
  "Bert_sim@precision": {
    "ocr": 0.4387567639350891,
    "top_1_guess": 0.4974995255470276,
    "top_3_guess": 0.4974995255470276,
    "top_1_reason": 0.32754436135292053,
    "top_3_reason": 0.3616618812084198
  },
  "Bert_sim@recall": {
    "ocr": 0.47132447361946106,
    "top_1_guess": 0.44888055324554443,
    "top_3_guess": 0.47831130027770996,
    "top_1_reason": 0.35045498609542847,
    "top_3_reason": 0.6835533380508423
  },
  "Bert_sim@f1": {
    "ocr": 0.4544578790664673,
    "top_1_guess": 0.47194117307662964,
    "top_3_guess": 0.47194117307662964,
    "top_1_reason": 0.33861255645751953,
    "top_3_reason": 0.4730416536331177
  }
}