{
  "ori_ocr_text": "Output/Visible Layer",
  "ocr": "Outoutys/ghle Layer",
  "result_list": [
    [
      "Output Layer",
      " common term for the final layer in neural network architectures"
    ],
    [
      "Output Nodes",
      " refers to the individual elements within the output layer"
    ],
    [
      "Outputs",
      " generically referring to the data resulting from the final processing layer"
    ]
  ],
  "edit_dis": {
    "ocr": 7,
    "top_1_guess": 8,
    "top_3_guess": 8,
    "top_1_reason": 55,
    "top_3_reason": 47
  },
  "rouge_score@rouge1": {
    "ocr": 0.3333333333333333,
    "top_1_guess": 0.8,
    "top_3_guess": 0.8,
    "top_1_reason": 0.15384615384615383,
    "top_3_reason": 0.3333333333333333
  },
  "rouge_score@rouge2": {
    "ocr": 0.0,
    "top_1_guess": 0.0,
    "top_3_guess": 0.0,
    "top_1_reason": 0.0,
    "top_3_reason": 0.0
  },
  "rouge_score@rougeL": {
    "ocr": 0.3333333333333333,
    "top_1_guess": 0.8,
    "top_3_guess": 0.8,
    "top_1_reason": 0.15384615384615383,
    "top_3_reason": 0.3333333333333333
  },
  "rouge_score@rougeLsum": {
    "ocr": 0.3333333333333333,
    "top_1_guess": 0.8,
    "top_3_guess": 0.8,
    "top_1_reason": 0.15384615384615383,
    "top_3_reason": 0.3333333333333333
  },
  "Bert_sim@precision": {
    "ocr": 0.5026554465293884,
    "top_1_guess": 0.9005853533744812,
    "top_3_guess": 0.9005853533744812,
    "top_1_reason": 0.3999999165534973,
    "top_3_reason": 0.4749203026294708
  },
  "Bert_sim@recall": {
    "ocr": 0.6243082284927368,
    "top_1_guess": 0.6953948140144348,
    "top_3_guess": 0.6953948140144348,
    "top_1_reason": 0.45105746388435364,
    "top_3_reason": 0.6029201149940491
  },
  "Bert_sim@f1": {
    "ocr": 0.556915819644928,
    "top_1_guess": 0.7847996950149536,
    "top_3_guess": 0.7847996950149536,
    "top_1_reason": 0.4239971339702606,
    "top_3_reason": 0.5313198566436768
  }
}