{
  "ori_ocr_text": "Enhance",
  "ocr": "Pifianmcs.",
  "result_list": [
    [
      "Enhancement Network",
      " context imply parts of system dealing with STFT features"
    ],
    [
      "Discriminant Network",
      " context imply parts of system dealing with assessment quality"
    ],
    [
      "Fbank Feature Extraction",
      " context imply parts of system relating to feature extraction"
    ]
  ],
  "edit_dis": {
    "ocr": 7,
    "top_1_guess": 12,
    "top_3_guess": 12,
    "top_1_reason": 53,
    "top_3_reason": 53
  },
  "rouge_score@rouge1": {
    "ocr": 0.0,
    "top_1_guess": 0.0,
    "top_3_guess": 0.0,
    "top_1_reason": 0.0,
    "top_3_reason": 0.0
  },
  "rouge_score@rouge2": {
    "ocr": 0.0,
    "top_1_guess": 0.0,
    "top_3_guess": 0.0,
    "top_1_reason": 0.0,
    "top_3_reason": 0.0
  },
  "rouge_score@rougeL": {
    "ocr": 0.0,
    "top_1_guess": 0.0,
    "top_3_guess": 0.0,
    "top_1_reason": 0.0,
    "top_3_reason": 0.0
  },
  "rouge_score@rougeLsum": {
    "ocr": 0.0,
    "top_1_guess": 0.0,
    "top_3_guess": 0.0,
    "top_1_reason": 0.0,
    "top_3_reason": 0.0
  },
  "Bert_sim@precision": {
    "ocr": 0.3687809109687805,
    "top_1_guess": 0.470467209815979,
    "top_3_guess": 0.470467209815979,
    "top_1_reason": 0.3198317885398865,
    "top_3_reason": 0.3198317885398865
  },
  "Bert_sim@recall": {
    "ocr": 0.5591393113136292,
    "top_1_guess": 0.4923233985900879,
    "top_3_guess": 0.6006461381912231,
    "top_1_reason": 0.6459836959838867,
    "top_3_reason": 0.6459836959838867
  },
  "Bert_sim@f1": {
    "ocr": 0.4444345533847809,
    "top_1_guess": 0.48114722967147827,
    "top_3_guess": 0.48114722967147827,
    "top_1_reason": 0.42783766984939575,
    "top_3_reason": 0.42783766984939575
  }
}