{
  "ori_ocr_text": "(c) Diag- g-learned SGP",
  "ocr": "Diag-learmad SGP",
  "result_list": [
    [
      "Diag-learned SGP",
      " Likely abbreviation for diagonal learned Sparse Gradient Prior inferred from the caption"
    ],
    [
      "Diagonally-learned SGP",
      " Alternative interpretation of abbreviation with same SGP meaning"
    ],
    [
      "Diag-learned Signal Processing",
      " Possible misinterpretation using general field reference instead of SGP"
    ]
  ],
  "edit_dis": {
    "ocr": 9,
    "top_1_guess": 7,
    "top_3_guess": 7,
    "top_1_reason": 73,
    "top_3_reason": 55
  },
  "Bert_sim": {
    "ocr": 0.6736238598823547,
    "top_1_guess": 0.8267353177070618,
    "top_3_guess": 0.8267353177070618,
    "top_1_reason": 0.4074189066886902,
    "top_3_reason": 0.44151490926742554
  },
  "rouge_score@rouge1": {
    "ocr": 0.5,
    "top_1_guess": 0.7499999999999999,
    "top_3_guess": 0.7499999999999999,
    "top_1_reason": 0.11764705882352941,
    "top_3_reason": 0.15384615384615385
  },
  "rouge_score@rouge2": {
    "ocr": 0.0,
    "top_1_guess": 0.3333333333333333,
    "top_3_guess": 0.3333333333333333,
    "top_1_reason": 0.0,
    "top_3_reason": 0.0
  },
  "rouge_score@rougeL": {
    "ocr": 0.5,
    "top_1_guess": 0.7499999999999999,
    "top_3_guess": 0.7499999999999999,
    "top_1_reason": 0.11764705882352941,
    "top_3_reason": 0.15384615384615385
  },
  "rouge_score@rougeLsum": {
    "ocr": 0.5,
    "top_1_guess": 0.7499999999999999,
    "top_3_guess": 0.7499999999999999,
    "top_1_reason": 0.11764705882352941,
    "top_3_reason": 0.15384615384615385
  }
}