{
  "ori_ocr_text": "Reduce",
  "ocr": ": Reduce",
  "result_list": [
    [
      "Local Reduce",
      "it's labeled at a stage in the Blaze MapReduce where reduction happens to be more localized compared to the original workflow"
    ],
    [
      "Eager Reduction",
      "because this term is used in the given caption to describe the optimization process that occurs before the Shuffle stage"
    ],
    [
      "Machine-Local Reduce",
      "referring to the context that reduction happens on the machine before being shuffled across machines"
    ]
  ],
  "edit_dis": {
    "ocr": 2,
    "top_1_guess": 6,
    "top_3_guess": 6,
    "top_1_reason": 119,
    "top_3_reason": 95
  },
  "rouge_score@rouge1": {
    "ocr": 1.0,
    "top_1_guess": 0.6666666666666666,
    "top_3_guess": 0.6666666666666666,
    "top_1_reason": 0.0,
    "top_3_reason": 0.0
  },
  "rouge_score@rouge2": {
    "ocr": 0.0,
    "top_1_guess": 0.0,
    "top_3_guess": 0.0,
    "top_1_reason": 0.0,
    "top_3_reason": 0.0
  },
  "rouge_score@rougeL": {
    "ocr": 1.0,
    "top_1_guess": 0.6666666666666666,
    "top_3_guess": 0.6666666666666666,
    "top_1_reason": 0.0,
    "top_3_reason": 0.0
  },
  "rouge_score@rougeLsum": {
    "ocr": 1.0,
    "top_1_guess": 0.6666666666666666,
    "top_3_guess": 0.6666666666666666,
    "top_1_reason": 0.0,
    "top_3_reason": 0.0
  },
  "Bert_sim@precision": {
    "ocr": 0.6254883408546448,
    "top_1_guess": 0.6454182267189026,
    "top_3_guess": 0.6454182267189026,
    "top_1_reason": 0.2802754342556,
    "top_3_reason": 0.3069600760936737
  },
  "Bert_sim@recall": {
    "ocr": 0.7736548185348511,
    "top_1_guess": 0.8171963691711426,
    "top_3_guess": 0.8171963691711426,
    "top_1_reason": 0.5164169073104858,
    "top_3_reason": 0.5247512459754944
  },
  "Bert_sim@f1": {
    "ocr": 0.6917263269424438,
    "top_1_guess": 0.7212200164794922,
    "top_3_guess": 0.7212200164794922,
    "top_1_reason": 0.36334970593452454,
    "top_3_reason": 0.38734036684036255
  }
}