{
  "ori_ocr_text": "Future Video",
  "ocr": "Pirtvl=tildec.",
  "result_list": [
    [
      "Partial video",
      " It is likely a high-level component label indicating the block processes a subsection of the video"
    ],
    [
      "Partial sequence",
      " This could refer to a segment of the video sequence being processed"
    ],
    [
      "Part video",
      " Similar to the first guess, it might represent the part of the video being analyzed"
    ]
  ],
  "edit_dis": {
    "ocr": 11,
    "top_1_guess": 7,
    "top_3_guess": 6,
    "top_1_reason": 91,
    "top_3_reason": 60
  },
  "rouge_score@rouge1": {
    "ocr": 0.0,
    "top_1_guess": 0.5,
    "top_3_guess": 0.5,
    "top_1_reason": 0.10526315789473684,
    "top_3_reason": 0.14285714285714285
  },
  "rouge_score@rouge2": {
    "ocr": 0.0,
    "top_1_guess": 0.0,
    "top_3_guess": 0.0,
    "top_1_reason": 0.0,
    "top_3_reason": 0.0
  },
  "rouge_score@rougeL": {
    "ocr": 0.0,
    "top_1_guess": 0.5,
    "top_3_guess": 0.5,
    "top_1_reason": 0.10526315789473684,
    "top_3_reason": 0.14285714285714285
  },
  "rouge_score@rougeLsum": {
    "ocr": 0.0,
    "top_1_guess": 0.5,
    "top_3_guess": 0.5,
    "top_1_reason": 0.10526315789473684,
    "top_3_reason": 0.14285714285714285
  },
  "Bert_sim@precision": {
    "ocr": 0.2903788387775421,
    "top_1_guess": 0.5656274557113647,
    "top_3_guess": 0.6198493838310242,
    "top_1_reason": 0.3322027623653412,
    "top_3_reason": 0.33501240611076355
  },
  "Bert_sim@recall": {
    "ocr": 0.3448714017868042,
    "top_1_guess": 0.5656274557113647,
    "top_3_guess": 0.6198493838310242,
    "top_1_reason": 0.4897567629814148,
    "top_3_reason": 0.4897567629814148
  },
  "Bert_sim@f1": {
    "ocr": 0.31528791785240173,
    "top_1_guess": 0.5656274557113647,
    "top_3_guess": 0.6198493838310242,
    "top_1_reason": 0.39587974548339844,
    "top_3_reason": 0.39587974548339844
  }
}