{
  "ori_ocr_text": "Autonomous",
  "ocr": "Auranonymous VehicIe (\ua4f8J5)",
  "result_list": [
    [
      "Autonomous Vehicle",
      "context of adversarial machine learning in AV control"
    ],
    [
      "Self-driving Car",
      "common term for AV"
    ],
    [
      "Intelligent Vehicle",
      "alternate term for AV"
    ]
  ],
  "edit_dis": {
    "ocr": 18,
    "top_1_guess": 8,
    "top_3_guess": 8,
    "top_1_reason": 49,
    "top_3_reason": 14
  },
  "rouge_score@rouge1": {
    "ocr": 0.0,
    "top_1_guess": 0.6666666666666666,
    "top_3_guess": 0.6666666666666666,
    "top_1_reason": 0.0,
    "top_3_reason": 0.0
  },
  "rouge_score@rouge2": {
    "ocr": 0.0,
    "top_1_guess": 0.0,
    "top_3_guess": 0.0,
    "top_1_reason": 0.0,
    "top_3_reason": 0.0
  },
  "rouge_score@rougeL": {
    "ocr": 0.0,
    "top_1_guess": 0.6666666666666666,
    "top_3_guess": 0.6666666666666666,
    "top_1_reason": 0.0,
    "top_3_reason": 0.0
  },
  "rouge_score@rougeLsum": {
    "ocr": 0.0,
    "top_1_guess": 0.6666666666666666,
    "top_3_guess": 0.6666666666666666,
    "top_1_reason": 0.0,
    "top_3_reason": 0.0
  },
  "Bert_sim@precision": {
    "ocr": 0.29195666313171387,
    "top_1_guess": 0.567420244216919,
    "top_3_guess": 0.567420244216919,
    "top_1_reason": 0.27397260069847107,
    "top_3_reason": 0.4071883261203766
  },
  "Bert_sim@recall": {
    "ocr": 0.47283440828323364,
    "top_1_guess": 0.5884138345718384,
    "top_3_guess": 0.5998167991638184,
    "top_1_reason": 0.504231870174408,
    "top_3_reason": 0.6165006756782532
  },
  "Bert_sim@f1": {
    "ocr": 0.3610062003135681,
    "top_1_guess": 0.5777263641357422,
    "top_3_guess": 0.5777263641357422,
    "top_1_reason": 0.35503706336021423,
    "top_3_reason": 0.4894558787345886
  }
}