{
  "ori_ocr_text": "Regression",
  "ocr": "Auranonious Vehicle (\u2603\ufe0f)",
  "result_list": [
    [
      "Q-function",
      "reflects decision-making process in reinforcement learning"
    ],
    [
      "Q-value",
      "represents the quality of an action in RL"
    ],
    [
      "Action Prediction",
      "suggests final step is to predict actions based on learned data"
    ]
  ],
  "edit_dis": {
    "ocr": 22,
    "top_1_guess": 7,
    "top_3_guess": 7,
    "top_1_reason": 49,
    "top_3_reason": 33
  },
  "rouge_score@rouge1": {
    "ocr": 0.0,
    "top_1_guess": 0.0,
    "top_3_guess": 0.0,
    "top_1_reason": 0.0,
    "top_3_reason": 0.0
  },
  "rouge_score@rouge2": {
    "ocr": 0.0,
    "top_1_guess": 0.0,
    "top_3_guess": 0.0,
    "top_1_reason": 0.0,
    "top_3_reason": 0.0
  },
  "rouge_score@rougeL": {
    "ocr": 0.0,
    "top_1_guess": 0.0,
    "top_3_guess": 0.0,
    "top_1_reason": 0.0,
    "top_3_reason": 0.0
  },
  "rouge_score@rougeLsum": {
    "ocr": 0.0,
    "top_1_guess": 0.0,
    "top_3_guess": 0.0,
    "top_1_reason": 0.0,
    "top_3_reason": 0.0
  },
  "Bert_sim@precision": {
    "ocr": 0.32982972264289856,
    "top_1_guess": 0.3333260416984558,
    "top_3_guess": 0.5407094955444336,
    "top_1_reason": 0.32455915212631226,
    "top_3_reason": 0.34764882922172546
  },
  "Bert_sim@recall": {
    "ocr": 0.4565100073814392,
    "top_1_guess": 0.5268424153327942,
    "top_3_guess": 0.7520437836647034,
    "top_1_reason": 0.5622063875198364,
    "top_3_reason": 0.5708467960357666
  },
  "Bert_sim@f1": {
    "ocr": 0.38296568393707275,
    "top_1_guess": 0.40831607580184937,
    "top_3_guess": 0.6291026473045349,
    "top_1_reason": 0.41153883934020996,
    "top_3_reason": 0.43212881684303284
  }
}