{
  "ori_ocr_text": "Previous layers",
  "ocr": "Previous layers",
  "result_list": [
    [
      "Capsule",
      " it depicts a single element in the capsule layers"
    ],
    [
      "Qubit group",
      " the circle might represent a group of qubits within the capsule"
    ],
    [
      "Sub-quantum neural network",
      " as the capsule contains a sub-QNN as per the caption"
    ]
  ],
  "edit_dis": {
    "ocr": 0,
    "top_1_guess": 12,
    "top_3_guess": 12,
    "top_1_reason": 40,
    "top_3_reason": 40
  },
  "rouge_score@rouge1": {
    "ocr": 1.0,
    "top_1_guess": 0.0,
    "top_3_guess": 0.0,
    "top_1_reason": 0.1818181818181818,
    "top_3_reason": 0.1818181818181818
  },
  "rouge_score@rouge2": {
    "ocr": 1.0,
    "top_1_guess": 0.0,
    "top_3_guess": 0.0,
    "top_1_reason": 0.0,
    "top_3_reason": 0.0
  },
  "rouge_score@rougeL": {
    "ocr": 1.0,
    "top_1_guess": 0.0,
    "top_3_guess": 0.0,
    "top_1_reason": 0.1818181818181818,
    "top_3_reason": 0.1818181818181818
  },
  "rouge_score@rougeLsum": {
    "ocr": 1.0,
    "top_1_guess": 0.0,
    "top_3_guess": 0.0,
    "top_1_reason": 0.1818181818181818,
    "top_3_reason": 0.1818181818181818
  },
  "Bert_sim@precision": {
    "ocr": 1.0000001192092896,
    "top_1_guess": 0.6603566408157349,
    "top_3_guess": 0.6603566408157349,
    "top_1_reason": 0.38484519720077515,
    "top_3_reason": 0.38484519720077515
  },
  "Bert_sim@recall": {
    "ocr": 1.0000001192092896,
    "top_1_guess": 0.5044711232185364,
    "top_3_guess": 0.5044711232185364,
    "top_1_reason": 0.49272358417510986,
    "top_3_reason": 0.49272358417510986
  },
  "Bert_sim@f1": {
    "ocr": 1.0000001192092896,
    "top_1_guess": 0.5719830393791199,
    "top_3_guess": 0.5719830393791199,
    "top_1_reason": 0.43215370178222656,
    "top_3_reason": 0.43215370178222656
  }
}