{
  "ori_ocr_text": "ROI information",
  "ocr": "intormation",
  "result_list": [
    [
      "Region of Interest",
      " references \"Region of Interest (ROI)\" which is a term used in the paper"
    ],
    [
      "ROI information",
      " directly relates to the information within the ROI as mentioned in the process described"
    ],
    [
      "Sample Information",
      " considering that the context involves moving the sample to a new point and assessing focus, so this could be sample-specific information"
    ]
  ],
  "edit_dis": {
    "ocr": 5,
    "top_1_guess": 14,
    "top_3_guess": 0,
    "top_1_reason": 64,
    "top_3_reason": 64
  },
  "rouge_score@rouge1": {
    "ocr": 0.0,
    "top_1_guess": 0.0,
    "top_3_guess": 1.0,
    "top_1_reason": 0.13333333333333336,
    "top_3_reason": 0.25
  },
  "rouge_score@rouge2": {
    "ocr": 0.0,
    "top_1_guess": 0.0,
    "top_3_guess": 1.0,
    "top_1_reason": 0.0,
    "top_3_reason": 0.0
  },
  "rouge_score@rougeL": {
    "ocr": 0.0,
    "top_1_guess": 0.0,
    "top_3_guess": 1.0,
    "top_1_reason": 0.13333333333333336,
    "top_3_reason": 0.13333333333333336
  },
  "rouge_score@rougeLsum": {
    "ocr": 0.0,
    "top_1_guess": 0.0,
    "top_3_guess": 1.0,
    "top_1_reason": 0.13333333333333336,
    "top_3_reason": 0.13333333333333336
  },
  "Bert_sim@precision": {
    "ocr": 0.4480403661727905,
    "top_1_guess": 0.30728811025619507,
    "top_3_guess": 1.0,
    "top_1_reason": 0.3646174669265747,
    "top_3_reason": 0.42683863639831543
  },
  "Bert_sim@recall": {
    "ocr": 0.5321416854858398,
    "top_1_guess": 0.3761347532272339,
    "top_3_guess": 1.0,
    "top_1_reason": 0.4761040508747101,
    "top_3_reason": 0.6274781823158264
  },
  "Bert_sim@f1": {
    "ocr": 0.48648297786712646,
    "top_1_guess": 0.338243693113327,
    "top_3_guess": 1.0,
    "top_1_reason": 0.4129687249660492,
    "top_3_reason": 0.50806725025177
  }
}