{
  "ori_ocr_text": "Move stage optimal to position",
  "ocr": "Move stage to ectimal position",
  "result_list": [
    [
      "Move stage to optimal position",
      " reference to Step 7 which involves moving the sample stage to the optimal position"
    ],
    [
      "Move to estimated position",
      " considering the context of optimization and calibration in the focus process"
    ],
    [
      "Adjust stage to correct focus",
      " derived from the process of calibrating and adjusting focus using the obtained data"
    ]
  ],
  "edit_dis": {
    "ocr": 7,
    "top_1_guess": 6,
    "top_3_guess": 6,
    "top_1_reason": 60,
    "top_3_reason": 59
  },
  "rouge_score@rouge1": {
    "ocr": 0.8000000000000002,
    "top_1_guess": 1.0,
    "top_3_guess": 1.0,
    "top_1_reason": 0.4210526315789473,
    "top_3_reason": 0.4210526315789473
  },
  "rouge_score@rouge2": {
    "ocr": 0.25,
    "top_1_guess": 0.25,
    "top_3_guess": 0.25,
    "top_1_reason": 0.0,
    "top_3_reason": 0.0
  },
  "rouge_score@rougeL": {
    "ocr": 0.8000000000000002,
    "top_1_guess": 0.8000000000000002,
    "top_3_guess": 0.8000000000000002,
    "top_1_reason": 0.3157894736842105,
    "top_3_reason": 0.3157894736842105
  },
  "rouge_score@rougeLsum": {
    "ocr": 0.8000000000000002,
    "top_1_guess": 0.8000000000000002,
    "top_3_guess": 0.8000000000000002,
    "top_1_reason": 0.3157894736842105,
    "top_3_reason": 0.3157894736842105
  },
  "Bert_sim@precision": {
    "ocr": 0.5959907174110413,
    "top_1_guess": 0.8166626691818237,
    "top_3_guess": 0.8166626691818237,
    "top_1_reason": 0.5186998248100281,
    "top_3_reason": 0.5186998248100281
  },
  "Bert_sim@recall": {
    "ocr": 0.7332464456558228,
    "top_1_guess": 0.8166626691818237,
    "top_3_guess": 0.8166626691818237,
    "top_1_reason": 0.6608740091323853,
    "top_3_reason": 0.6608740091323853
  },
  "Bert_sim@f1": {
    "ocr": 0.6575320959091187,
    "top_1_guess": 0.816662609577179,
    "top_3_guess": 0.816662609577179,
    "top_1_reason": 0.5812187790870667,
    "top_3_reason": 0.5812187790870667
  }
}