{
  "ori_ocr_text": "SoftMax",
  "ocr": "Wood Fanbededine",
  "result_list": [
    [
      "Word Embedding",
      " the correct term for text preprocessing in neural networks"
    ],
    [
      "Fusion",
      " the process of combining parallel column outputs"
    ],
    [
      "RNN+Dropout",
      " indicating the recurrent network with regularization"
    ]
  ],
  "edit_dis": {
    "ocr": 14,
    "top_1_guess": 13,
    "top_3_guess": 7,
    "top_1_reason": 55,
    "top_3_reason": 46
  },
  "rouge_score@rouge1": {
    "ocr": 0.0,
    "top_1_guess": 0.0,
    "top_3_guess": 0.0,
    "top_1_reason": 0.0,
    "top_3_reason": 0.0
  },
  "rouge_score@rouge2": {
    "ocr": 0.0,
    "top_1_guess": 0.0,
    "top_3_guess": 0.0,
    "top_1_reason": 0.0,
    "top_3_reason": 0.0
  },
  "rouge_score@rougeL": {
    "ocr": 0.0,
    "top_1_guess": 0.0,
    "top_3_guess": 0.0,
    "top_1_reason": 0.0,
    "top_3_reason": 0.0
  },
  "rouge_score@rougeLsum": {
    "ocr": 0.0,
    "top_1_guess": 0.0,
    "top_3_guess": 0.0,
    "top_1_reason": 0.0,
    "top_3_reason": 0.0
  },
  "Bert_sim@precision": {
    "ocr": 0.45883822441101074,
    "top_1_guess": 0.3274826109409332,
    "top_3_guess": 0.7397064566612244,
    "top_1_reason": 0.23079447448253632,
    "top_3_reason": 0.320010781288147
  },
  "Bert_sim@recall": {
    "ocr": 0.6053526401519775,
    "top_1_guess": 0.42828088998794556,
    "top_3_guess": 0.5466324090957642,
    "top_1_reason": 0.32636910676956177,
    "top_3_reason": 0.417652428150177
  },
  "Bert_sim@f1": {
    "ocr": 0.5220096111297607,
    "top_1_guess": 0.3711598515510559,
    "top_3_guess": 0.628679633140564,
    "top_1_reason": 0.27038446068763733,
    "top_3_reason": 0.36064350605010986
  }
}