{
  "ori_ocr_text": "yes",
  "ocr": "PG",
  "result_list": [
    [
      "GSS Algorithm",
      " mentioned as an initialization step in the description"
    ],
    [
      "Increment",
      " associated with the GSS updating process"
    ],
    [
      "Blur measure",
      " related to the evaluation of blurriness in the steps"
    ]
  ],
  "edit_dis": {
    "ocr": 3,
    "top_1_guess": 13,
    "top_3_guess": 8,
    "top_1_reason": 53,
    "top_3_reason": 39
  },
  "rouge_score@rouge1": {
    "ocr": 0.0,
    "top_1_guess": 0.0,
    "top_3_guess": 0.0,
    "top_1_reason": 0.0,
    "top_3_reason": 0.0
  },
  "rouge_score@rouge2": {
    "ocr": 0.0,
    "top_1_guess": 0.0,
    "top_3_guess": 0.0,
    "top_1_reason": 0.0,
    "top_3_reason": 0.0
  },
  "rouge_score@rougeL": {
    "ocr": 0.0,
    "top_1_guess": 0.0,
    "top_3_guess": 0.0,
    "top_1_reason": 0.0,
    "top_3_reason": 0.0
  },
  "rouge_score@rougeLsum": {
    "ocr": 0.0,
    "top_1_guess": 0.0,
    "top_3_guess": 0.0,
    "top_1_reason": 0.0,
    "top_3_reason": 0.0
  },
  "Bert_sim@precision": {
    "ocr": 0.5145313739776611,
    "top_1_guess": 0.35240763425827026,
    "top_3_guess": 0.36490514874458313,
    "top_1_reason": 0.3007059395313263,
    "top_3_reason": 0.3007059395313263
  },
  "Bert_sim@recall": {
    "ocr": 0.5145313739776611,
    "top_1_guess": 0.42623740434646606,
    "top_3_guess": 0.5073878169059753,
    "top_1_reason": 0.41290244460105896,
    "top_3_reason": 0.41290244460105896
  },
  "Bert_sim@f1": {
    "ocr": 0.5145313739776611,
    "top_1_guess": 0.3858223259449005,
    "top_3_guess": 0.424509733915329,
    "top_1_reason": 0.3479841947555542,
    "top_3_reason": 0.3479841947555542
  }
}