{
  "ori_ocr_text": "Move stage optimal to position",
  "ocr": "Move staot storgetne yglocn",
  "result_list": [
    [
      "Move stage to correct position",
      " Text resembles instructions for stage movement"
    ],
    [
      "Adjust stage position accordingly",
      " Suggests tweaking stage for proper focus"
    ],
    [
      "Update stage location",
      " Implies modification of stage placement"
    ]
  ],
  "edit_dis": {
    "ocr": 18,
    "top_1_guess": 9,
    "top_3_guess": 9,
    "top_1_reason": 36,
    "top_3_reason": 31
  },
  "Bert_sim": {
    "ocr": 0.4398985803127289,
    "top_1_guess": 0.751163125038147,
    "top_3_guess": 0.751163125038147,
    "top_1_reason": 0.4758093059062958,
    "top_3_reason": 0.5835745930671692
  },
  "rouge_score@rouge1": {
    "ocr": 0.22222222222222224,
    "top_1_guess": 0.8000000000000002,
    "top_3_guess": 0.8000000000000002,
    "top_1_reason": 0.1818181818181818,
    "top_3_reason": 0.20000000000000004
  },
  "rouge_score@rouge2": {
    "ocr": 0.0,
    "top_1_guess": 0.25,
    "top_3_guess": 0.25,
    "top_1_reason": 0.0,
    "top_3_reason": 0.0
  },
  "rouge_score@rougeL": {
    "ocr": 0.22222222222222224,
    "top_1_guess": 0.8000000000000002,
    "top_3_guess": 0.8000000000000002,
    "top_1_reason": 0.1818181818181818,
    "top_3_reason": 0.20000000000000004
  },
  "rouge_score@rougeLsum": {
    "ocr": 0.22222222222222224,
    "top_1_guess": 0.8000000000000002,
    "top_3_guess": 0.8000000000000002,
    "top_1_reason": 0.1818181818181818,
    "top_3_reason": 0.20000000000000004
  }
}