{
  "ori_ocr_text": "Move stage optimal to position",
  "ocr": "Move staot storgetne yglocn",
  "result_list": [
    [
      "Move stage to correct position",
      " Text resembles instructions for stage movement"
    ],
    [
      "Adjust stage position accordingly",
      " Suggests tweaking stage for proper focus"
    ],
    [
      "Update stage location",
      " Implies modification of stage placement"
    ]
  ],
  "edit_dis": {
    "ocr": 18,
    "top_1_guess": 9,
    "top_3_guess": 9,
    "top_1_reason": 36,
    "top_3_reason": 31
  },
  "bleu_score": {
    "ocr": 1.0032743411283238e-231,
    "top_1_guess": 9.975386110402101e-155,
    "top_3_guess": 9.975386110402101e-155,
    "top_1_reason": 1.1640469867513693e-231,
    "top_3_reason": 1.2183324802375697e-231
  },
  "Bert_sim": {
    "ocr": 0.4398985803127289,
    "top_1_guess": 0.751163125038147,
    "top_3_guess": 0.751163125038147,
    "top_1_reason": 0.4758093059062958,
    "top_3_reason": 0.5835745930671692
  }
}